report_date,cftc_contract_market_code,market_and_exchange_names,open_interest_contracts,managed_money_long_contracts,managed_money_short_contracts,managed_money_spread_contracts,contract_units_original,report_type,source_id
2009-09-01,073732,COCOA - ICE FUTURES U.S.,113879,38317,16866,2955,(CONTRACTS OF 10 METRIC TONS),FutOnly,cftc_cocoa_selected_history_2009_2026
2009-09-08,073732,COCOA - ICE FUTURES U.S.,117040,39846,16855,4089,(CONTRACTS OF 10 METRIC TONS),FutOnly,cftc_cocoa_selected_history_2009_2026
2009-09-15,073732,COCOA - ICE FUTURES U.S.,124688,43212,18396,4748,(CONTRACTS OF 10 METRIC TONS),FutOnly,cftc_cocoa_selected_history_2009_2026
2009-09-22,073732,COCOA - ICE FUTURES U.S.,123830,42772,18453,6138,(CONTRACTS OF 10 METRIC TONS),FutOnly,cftc_cocoa_selected_history_2009_2026
2009-09-29,073732,COCOA - ICE FUTURES U.S.,123289,43047,18400,6022,(CONTRACTS OF 10 METRIC TONS),FutOnly,cftc_cocoa_selected_history_2009_2026
2009-10-06,073732,COCOA - ICE FUTURES U.S.,128991,43658,18530,7210,(CONTRACTS OF 10 METRIC TONS),FutOnly,cftc_cocoa_selected_history_2009_2026
2009-10-13,073732,COCOA - ICE FUTURES U.S.,127976,40684,16625,8254,(CONTRACTS OF 10 METRIC TONS),FutOnly,cftc_cocoa_selected_history_2009_2026
2009-10-20,073732,COCOA - ICE FUTURES U.S.,134993,44049,18282,8527,(CONTRACTS OF 10 METRIC TONS),FutOnly,cftc_cocoa_selected_history_2009_2026
2009-10-27,073732,COCOA - ICE FUTURES U.S.,142494,49421,20679,8865,(CONTRACTS OF 10 METRIC TONS),FutOnly,cftc_cocoa_selected_history_2009_2026
2009-11-03,073732,COCOA - ICE FUTURES U.S.,146118,51641,18950,11642,(CONTRACTS OF 10 METRIC TONS),FutOnly,cftc_cocoa_selected_history_2009_2026
2009-11-09,073732,COCOA - ICE FUTURES U.S.,130680,46009,12560,8943,(CONTRACTS OF 10 METRIC TONS),FutOnly,cftc_cocoa_selected_history_2009_2026
2009-11-17,073732,COCOA - ICE FUTURES U.S.,121235,42079,11128,7009,(CONTRACTS OF 10 METRIC TONS),FutOnly,cftc_cocoa_selected_history_2009_2026
2009-11-24,073732,COCOA - ICE FUTURES U.S.,123135,44956,11240,6722,(CONTRACTS OF 10 METRIC TONS),FutOnly,cftc_cocoa_selected_history_2009_2026
2009-12-01,073732,COCOA - ICE FUTURES U.S.,126235,45591,9694,7459,(CONTRACTS OF 10 METRIC TONS),FutOnly,cftc_cocoa_selected_history_2009_2026
2009-12-08,073732,COCOA - ICE FUTURES U.S.,127861,46937,9257,7342,(CONTRACTS OF 10 METRIC TONS),FutOnly,cftc_cocoa_selected_history_2009_2026
2009-12-15,073732,COCOA - ICE FUTURES U.S.,129639,49125,9242,6558,(CONTRACTS OF 10 METRIC TONS),FutOnly,cftc_cocoa_selected_history_2009_2026
2009-12-22,073732,COCOA - ICE FUTURES U.S.,129980,46535,9002,9912,(CONTRACTS OF 10 METRIC TONS),FutOnly,cftc_cocoa_selected_history_2009_2026
2009-12-29,073732,COCOA - ICE FUTURES U.S.,129231,45875,8808,10049,(CONTRACTS OF 10 METRIC TONS),FutOnly,cftc_cocoa_selected_history_2009_2026
2010-01-05,073732,COCOA - ICE FUTURES U.S.,130348,43156,8920,12157,(CONTRACTS OF 10 METRIC TONS),FutOnly,cftc_cocoa_selected_history_2009_2026
2010-01-12,073732,COCOA - ICE FUTURES U.S.,132926,42812,10488,12665,(CONTRACTS OF 10 METRIC TONS),FutOnly,cftc_cocoa_selected_history_2009_2026
2010-01-19,073732,COCOA - ICE FUTURES U.S.,140693,47017,8846,14105,(CONTRACTS OF 10 METRIC TONS),FutOnly,cftc_cocoa_selected_history_2009_2026
2010-01-26,073732,COCOA - ICE FUTURES U.S.,144201,45569,4743,19503,(CONTRACTS OF 10 METRIC TONS),FutOnly,cftc_cocoa_selected_history_2009_2026
2010-02-02,073732,COCOA - ICE FUTURES U.S.,140446,43384,6528,18379,(CONTRACTS OF 10 METRIC TONS),FutOnly,cftc_cocoa_selected_history_2009_2026
2010-02-09,073732,COCOA - ICE FUTURES U.S.,129088,38154,9162,13570,(CONTRACTS OF 10 METRIC TONS),FutOnly,cftc_cocoa_selected_history_2009_2026
2010-02-16,073732,COCOA - ICE FUTURES U.S.,123259,35686,10883,13225,(CONTRACTS OF 10 METRIC TONS),FutOnly,cftc_cocoa_selected_history_2009_2026
2010-02-23,073732,COCOA - ICE FUTURES U.S.,121756,35213,10130,13273,(CONTRACTS OF 10 METRIC TONS),FutOnly,cftc_cocoa_selected_history_2009_2026
2010-03-02,073732,COCOA - ICE FUTURES U.S.,124942,36133,12398,13431,(CONTRACTS OF 10 METRIC TONS),FutOnly,cftc_cocoa_selected_history_2009_2026
2010-03-09,073732,COCOA - ICE FUTURES U.S.,127111,32994,15021,13329,(CONTRACTS OF 10 METRIC TONS),FutOnly,cftc_cocoa_selected_history_2009_2026
2010-03-16,073732,COCOA - ICE FUTURES U.S.,129335,34380,18527,12761,(CONTRACTS OF 10 METRIC TONS),FutOnly,cftc_cocoa_selected_history_2009_2026
2010-03-23,073732,COCOA - ICE FUTURES U.S.,131697,34320,17550,12443,(CONTRACTS OF 10 METRIC TONS),FutOnly,cftc_cocoa_selected_history_2009_2026
2010-03-30,073732,COCOA - ICE FUTURES U.S.,134310,34302,18298,12127,(CONTRACTS OF 10 METRIC TONS),FutOnly,cftc_cocoa_selected_history_2009_2026
2010-04-06,073732,COCOA - ICE FUTURES U.S.,138919,35153,18195,13604,(CONTRACTS OF 10 METRIC TONS),FutOnly,cftc_cocoa_selected_history_2009_2026
2010-04-13,073732,COCOA - ICE FUTURES U.S.,123908,36607,17987,9542,(CONTRACTS OF 10 METRIC TONS),FutOnly,cftc_cocoa_selected_history_2009_2026
2010-04-20,073732,COCOA - ICE FUTURES U.S.,123956,40701,18851,6404,(CONTRACTS OF 10 METRIC TONS),FutOnly,cftc_cocoa_selected_history_2009_2026
2010-04-27,073732,COCOA - ICE FUTURES U.S.,129760,45596,19070,6981,(CONTRACTS OF 10 METRIC TONS),FutOnly,cftc_cocoa_selected_history_2009_2026
2010-05-04,073732,COCOA - ICE FUTURES U.S.,131767,45546,16984,9041,(CONTRACTS OF 10 METRIC TONS),FutOnly,cftc_cocoa_selected_history_2009_2026
2010-05-11,073732,COCOA - ICE FUTURES U.S.,131080,40487,11305,10646,(CONTRACTS OF 10 METRIC TONS),FutOnly,cftc_cocoa_selected_history_2009_2026
2010-05-18,073732,COCOA - ICE FUTURES U.S.,127954,36251,13669,11416,(CONTRACTS OF 10 METRIC TONS),FutOnly,cftc_cocoa_selected_history_2009_2026
2010-05-25,073732,COCOA - ICE FUTURES U.S.,130900,37222,15648,10564,(CONTRACTS OF 10 METRIC TONS),FutOnly,cftc_cocoa_selected_history_2009_2026
2010-06-01,073732,COCOA - ICE FUTURES U.S.,127382,36004,14406,10904,(CONTRACTS OF 10 METRIC TONS),FutOnly,cftc_cocoa_selected_history_2009_2026
2010-06-08,073732,COCOA - ICE FUTURES U.S.,122786,30542,6536,12693,(CONTRACTS OF 10 METRIC TONS),FutOnly,cftc_cocoa_selected_history_2009_2026
2010-06-15,073732,COCOA - ICE FUTURES U.S.,115296,28617,6478,12311,(CONTRACTS OF 10 METRIC TONS),FutOnly,cftc_cocoa_selected_history_2009_2026
2010-06-22,073732,COCOA - ICE FUTURES U.S.,114918,29309,8198,11272,(CONTRACTS OF 10 METRIC TONS),FutOnly,cftc_cocoa_selected_history_2009_2026
2010-06-29,073732,COCOA - ICE FUTURES U.S.,118192,29817,7347,12193,(CONTRACTS OF 10 METRIC TONS),FutOnly,cftc_cocoa_selected_history_2009_2026
2010-07-06,073732,COCOA - ICE FUTURES U.S.,121721,31230,9523,12946,(CONTRACTS OF 10 METRIC TONS),FutOnly,cftc_cocoa_selected_history_2009_2026
2010-07-13,073732,COCOA - ICE FUTURES U.S.,123423,31291,11603,14354,(CONTRACTS OF 10 METRIC TONS),FutOnly,cftc_cocoa_selected_history_2009_2026
2010-07-20,073732,COCOA - ICE FUTURES U.S.,125927,32324,10705,14710,(CONTRACTS OF 10 METRIC TONS),FutOnly,cftc_cocoa_selected_history_2009_2026
2010-07-27,073732,COCOA - ICE FUTURES U.S.,125385,29259,12744,14038,(CONTRACTS OF 10 METRIC TONS),FutOnly,cftc_cocoa_selected_history_2009_2026
2010-08-03,073732,COCOA - ICE FUTURES U.S.,123629,29896,12054,13442,(CONTRACTS OF 10 METRIC TONS),FutOnly,cftc_cocoa_selected_history_2009_2026
2010-08-10,073732,COCOA - ICE FUTURES U.S.,121327,26267,14669,12503,(CONTRACTS OF 10 METRIC TONS),FutOnly,cftc_cocoa_selected_history_2009_2026
2010-08-17,073732,COCOA - ICE FUTURES U.S.,115333,24145,18278,11376,(CONTRACTS OF 10 METRIC TONS),FutOnly,cftc_cocoa_selected_history_2009_2026
2010-08-24,073732,COCOA - ICE FUTURES U.S.,114529,21849,21575,10835,(CONTRACTS OF 10 METRIC TONS),FutOnly,cftc_cocoa_selected_history_2009_2026
2010-08-31,073732,COCOA - ICE FUTURES U.S.,120254,21846,30027,11452,(CONTRACTS OF 10 METRIC TONS),FutOnly,cftc_cocoa_selected_history_2009_2026
2010-09-07,073732,COCOA - ICE FUTURES U.S.,124407,20330,35916,11728,(CONTRACTS OF 10 METRIC TONS),FutOnly,cftc_cocoa_selected_history_2009_2026
2010-09-14,073732,COCOA - ICE FUTURES U.S.,127970,18694,37948,10946,(CONTRACTS OF 10 METRIC TONS),FutOnly,cftc_cocoa_selected_history_2009_2026
2010-09-21,073732,COCOA - ICE FUTURES U.S.,127893,20051,38001,11026,(CONTRACTS OF 10 METRIC TONS),FutOnly,cftc_cocoa_selected_history_2009_2026
2010-09-28,073732,COCOA - ICE FUTURES U.S.,129657,20530,38099,11747,(CONTRACTS OF 10 METRIC TONS),FutOnly,cftc_cocoa_selected_history_2009_2026
2010-10-05,073732,COCOA - ICE FUTURES U.S.,136785,18963,37838,16727,(CONTRACTS OF 10 METRIC TONS),FutOnly,cftc_cocoa_selected_history_2009_2026
2010-10-12,073732,COCOA - ICE FUTURES U.S.,136896,18814,37079,13749,(CONTRACTS OF 10 METRIC TONS),FutOnly,cftc_cocoa_selected_history_2009_2026
2010-10-19,073732,COCOA - ICE FUTURES U.S.,140811,20669,37689,14286,(CONTRACTS OF 10 METRIC TONS),FutOnly,cftc_cocoa_selected_history_2009_2026
2010-10-26,073732,COCOA - ICE FUTURES U.S.,139337,20413,36080,13464,(CONTRACTS OF 10 METRIC TONS),FutOnly,cftc_cocoa_selected_history_2009_2026
2010-11-02,073732,COCOA - ICE FUTURES U.S.,146429,19033,35840,13187,(CONTRACTS OF 10 METRIC TONS),FutOnly,cftc_cocoa_selected_history_2009_2026
2010-11-09,073732,COCOA - ICE FUTURES U.S.,142604,21445,37943,11257,(CONTRACTS OF 10 METRIC TONS),FutOnly,cftc_cocoa_selected_history_2009_2026
2010-11-16,073732,COCOA - ICE FUTURES U.S.,134338,22452,38780,10212,(CONTRACTS OF 10 METRIC TONS),FutOnly,cftc_cocoa_selected_history_2009_2026
2010-11-23,073732,COCOA - ICE FUTURES U.S.,130412,24566,33018,10261,(CONTRACTS OF 10 METRIC TONS),FutOnly,cftc_cocoa_selected_history_2009_2026
2010-11-30,073732,COCOA - ICE FUTURES U.S.,131975,24220,34230,10156,(CONTRACTS OF 10 METRIC TONS),FutOnly,cftc_cocoa_selected_history_2009_2026
2010-12-07,073732,COCOA - ICE FUTURES U.S.,136077,30774,31336,10142,(CONTRACTS OF 10 METRIC TONS),FutOnly,cftc_cocoa_selected_history_2009_2026
2010-12-14,073732,COCOA - ICE FUTURES U.S.,135973,28866,27771,10655,(CONTRACTS OF 10 METRIC TONS),FutOnly,cftc_cocoa_selected_history_2009_2026
2010-12-21,073732,COCOA - ICE FUTURES U.S.,137878,29835,27772,10142,(CONTRACTS OF 10 METRIC TONS),FutOnly,cftc_cocoa_selected_history_2009_2026
2010-12-28,073732,COCOA - ICE FUTURES U.S.,139263,30454,27244,10296,(CONTRACTS OF 10 METRIC TONS),FutOnly,cftc_cocoa_selected_history_2009_2026
2011-01-04,073732,COCOA - ICE FUTURES U.S.,143807,32513,27424,10416,(CONTRACTS OF 10 METRIC TONS),FutOnly,cftc_cocoa_selected_history_2009_2026
2011-01-11,073732,COCOA - ICE FUTURES U.S.,145419,31184,28705,10722,(CONTRACTS OF 10 METRIC TONS),FutOnly,cftc_cocoa_selected_history_2009_2026
2011-01-18,073732,COCOA - ICE FUTURES U.S.,143808,32636,27438,10961,(CONTRACTS OF 10 METRIC TONS),FutOnly,cftc_cocoa_selected_history_2009_2026
2011-01-25,073732,COCOA - ICE FUTURES U.S.,151080,31550,20070,13492,(CONTRACTS OF 10 METRIC TONS),FutOnly,cftc_cocoa_selected_history_2009_2026
2011-02-01,073732,COCOA - ICE FUTURES U.S.,166379,35159,19527,18631,(CONTRACTS OF 10 METRIC TONS),FutOnly,cftc_cocoa_selected_history_2009_2026
2011-02-08,073732,COCOA - ICE FUTURES U.S.,161464,37390,18225,12007,(CONTRACTS OF 10 METRIC TONS),FutOnly,cftc_cocoa_selected_history_2009_2026
2011-02-15,073732,COCOA - ICE FUTURES U.S.,154865,39966,18475,10134,(CONTRACTS OF 10 METRIC TONS),FutOnly,cftc_cocoa_selected_history_2009_2026
2011-02-22,073732,COCOA - ICE FUTURES U.S.,154656,42417,18248,7080,(CONTRACTS OF 10 METRIC TONS),FutOnly,cftc_cocoa_selected_history_2009_2026
2011-03-01,073732,COCOA - ICE FUTURES U.S.,161861,45229,17926,9920,(CONTRACTS OF 10 METRIC TONS),FutOnly,cftc_cocoa_selected_history_2009_2026
2011-03-08,073732,COCOA - ICE FUTURES U.S.,167172,48871,19230,12624,(CONTRACTS OF 10 METRIC TONS),FutOnly,cftc_cocoa_selected_history_2009_2026
2011-03-15,073732,COCOA - ICE FUTURES U.S.,162365,44090,19428,12382,(CONTRACTS OF 10 METRIC TONS),FutOnly,cftc_cocoa_selected_history_2009_2026
2011-03-22,073732,COCOA - ICE FUTURES U.S.,160158,40445,21163,13412,(CONTRACTS OF 10 METRIC TONS),FutOnly,cftc_cocoa_selected_history_2009_2026
2011-03-29,073732,COCOA - ICE FUTURES U.S.,165028,40063,22367,13934,(CONTRACTS OF 10 METRIC TONS),FutOnly,cftc_cocoa_selected_history_2009_2026
2011-04-05,073732,COCOA - ICE FUTURES U.S.,167050,38771,24073,12313,(CONTRACTS OF 10 METRIC TONS),FutOnly,cftc_cocoa_selected_history_2009_2026
2011-04-12,073732,COCOA - ICE FUTURES U.S.,159819,38485,26261,8660,(CONTRACTS OF 10 METRIC TONS),FutOnly,cftc_cocoa_selected_history_2009_2026
2011-04-19,073732,COCOA - ICE FUTURES U.S.,153059,38728,27793,6242,(CONTRACTS OF 10 METRIC TONS),FutOnly,cftc_cocoa_selected_history_2009_2026
2011-04-26,073732,COCOA - ICE FUTURES U.S.,154607,39409,28031,6606,(CONTRACTS OF 10 METRIC TONS),FutOnly,cftc_cocoa_selected_history_2009_2026
2011-05-03,073732,COCOA - ICE FUTURES U.S.,158881,42525,28761,8922,(CONTRACTS OF 10 METRIC TONS),FutOnly,cftc_cocoa_selected_history_2009_2026
2011-05-10,073732,COCOA - ICE FUTURES U.S.,157658,39789,26017,10250,(CONTRACTS OF 10 METRIC TONS),FutOnly,cftc_cocoa_selected_history_2009_2026
2011-05-17,073732,COCOA - ICE FUTURES U.S.,155550,37785,29447,10323,(CONTRACTS OF 10 METRIC TONS),FutOnly,cftc_cocoa_selected_history_2009_2026
2011-05-24,073732,COCOA - ICE FUTURES U.S.,158250,35802,31532,11421,(CONTRACTS OF 10 METRIC TONS),FutOnly,cftc_cocoa_selected_history_2009_2026
2011-05-31,073732,COCOA - ICE FUTURES U.S.,162681,33381,31355,11857,(CONTRACTS OF 10 METRIC TONS),FutOnly,cftc_cocoa_selected_history_2009_2026
2011-06-07,073732,COCOA - ICE FUTURES U.S.,163361,30676,28590,14405,(CONTRACTS OF 10 METRIC TONS),FutOnly,cftc_cocoa_selected_history_2009_2026
2011-06-14,073732,COCOA - ICE FUTURES U.S.,163076,33839,28350,17900,(CONTRACTS OF 10 METRIC TONS),FutOnly,cftc_cocoa_selected_history_2009_2026
2011-06-21,073732,COCOA - ICE FUTURES U.S.,161630,34251,25192,17532,(CONTRACTS OF 10 METRIC TONS),FutOnly,cftc_cocoa_selected_history_2009_2026
2011-06-28,073732,COCOA - ICE FUTURES U.S.,161999,35640,22501,17232,(CONTRACTS OF 10 METRIC TONS),FutOnly,cftc_cocoa_selected_history_2009_2026
2011-07-05,073732,COCOA - ICE FUTURES U.S.,171344,40967,22302,17977,(CONTRACTS OF 10 METRIC TONS),FutOnly,cftc_cocoa_selected_history_2009_2026
2011-07-12,073732,COCOA - ICE FUTURES U.S.,171639,40991,20234,18137,(CONTRACTS OF 10 METRIC TONS),FutOnly,cftc_cocoa_selected_history_2009_2026
2011-07-19,073732,COCOA - ICE FUTURES U.S.,172311,40129,21471,19786,(CONTRACTS OF 10 METRIC TONS),FutOnly,cftc_cocoa_selected_history_2009_2026
2011-07-26,073732,COCOA - ICE FUTURES U.S.,174115,36401,21012,21089,(CONTRACTS OF 10 METRIC TONS),FutOnly,cftc_cocoa_selected_history_2009_2026
2011-08-02,073732,COCOA - ICE FUTURES U.S.,178418,33679,24228,21619,(CONTRACTS OF 10 METRIC TONS),FutOnly,cftc_cocoa_selected_history_2009_2026
2011-08-09,073732,COCOA - ICE FUTURES U.S.,172222,33772,28142,18018,(CONTRACTS OF 10 METRIC TONS),FutOnly,cftc_cocoa_selected_history_2009_2026
2011-08-16,073732,COCOA - ICE FUTURES U.S.,163718,31846,30694,13061,(CONTRACTS OF 10 METRIC TONS),FutOnly,cftc_cocoa_selected_history_2009_2026
2011-08-23,073732,COCOA - ICE FUTURES U.S.,159232,32588,27019,12504,(CONTRACTS OF 10 METRIC TONS),FutOnly,cftc_cocoa_selected_history_2009_2026
2011-08-30,073732,COCOA - ICE FUTURES U.S.,160621,32656,23334,12980,(CONTRACTS OF 10 METRIC TONS),FutOnly,cftc_cocoa_selected_history_2009_2026
2011-09-06,073732,COCOA - ICE FUTURES U.S.,163401,32917,21882,15172,(CONTRACTS OF 10 METRIC TONS),FutOnly,cftc_cocoa_selected_history_2009_2026
2011-09-13,073732,COCOA - ICE FUTURES U.S.,176241,30542,25298,22795,(CONTRACTS OF 10 METRIC TONS),FutOnly,cftc_cocoa_selected_history_2009_2026
2011-09-20,073732,COCOA - ICE FUTURES U.S.,180907,30700,34225,20333,(CONTRACTS OF 10 METRIC TONS),FutOnly,cftc_cocoa_selected_history_2009_2026
2011-09-27,073732,COCOA - ICE FUTURES U.S.,181905,32290,40775,17553,(CONTRACTS OF 10 METRIC TONS),FutOnly,cftc_cocoa_selected_history_2009_2026
2011-10-04,073732,COCOA - ICE FUTURES U.S.,184965,32484,40644,19186,(CONTRACTS OF 10 METRIC TONS),FutOnly,cftc_cocoa_selected_history_2009_2026
2011-10-11,073732,COCOA - ICE FUTURES U.S.,188721,33990,41065,15192,(CONTRACTS OF 10 METRIC TONS),FutOnly,cftc_cocoa_selected_history_2009_2026
2011-10-18,073732,COCOA - ICE FUTURES U.S.,190853,32824,41021,16935,(CONTRACTS OF 10 METRIC TONS),FutOnly,cftc_cocoa_selected_history_2009_2026
2011-10-25,073732,COCOA - ICE FUTURES U.S.,196670,34119,41830,19000,(CONTRACTS OF 10 METRIC TONS),FutOnly,cftc_cocoa_selected_history_2009_2026
2011-11-01,073732,COCOA - ICE FUTURES U.S.,199561,34022,37237,20577,(CONTRACTS OF 10 METRIC TONS),FutOnly,cftc_cocoa_selected_history_2009_2026
2011-11-08,073732,COCOA - ICE FUTURES U.S.,183613,28615,29682,21672,(CONTRACTS OF 10 METRIC TONS),FutOnly,cftc_cocoa_selected_history_2009_2026
2011-11-15,073732,COCOA - ICE FUTURES U.S.,155162,26472,28262,11826,(CONTRACTS OF 10 METRIC TONS),FutOnly,cftc_cocoa_selected_history_2009_2026
2011-11-22,073732,COCOA - ICE FUTURES U.S.,155002,26774,29486,12360,(CONTRACTS OF 10 METRIC TONS),FutOnly,cftc_cocoa_selected_history_2009_2026
2011-11-29,073732,COCOA - ICE FUTURES U.S.,158826,27227,32523,12313,(CONTRACTS OF 10 METRIC TONS),FutOnly,cftc_cocoa_selected_history_2009_2026
2011-12-06,073732,COCOA - ICE FUTURES U.S.,163752,28226,35433,13399,(CONTRACTS OF 10 METRIC TONS),FutOnly,cftc_cocoa_selected_history_2009_2026
2011-12-13,073732,COCOA - ICE FUTURES U.S.,168846,29002,40810,12993,(CONTRACTS OF 10 METRIC TONS),FutOnly,cftc_cocoa_selected_history_2009_2026
2011-12-20,073732,COCOA - ICE FUTURES U.S.,167249,28454,39391,13252,(CONTRACTS OF 10 METRIC TONS),FutOnly,cftc_cocoa_selected_history_2009_2026
2011-12-27,073732,COCOA - ICE FUTURES U.S.,167753,27686,37278,14416,(CONTRACTS OF 10 METRIC TONS),FutOnly,cftc_cocoa_selected_history_2009_2026
2012-01-03,073732,COCOA - ICE FUTURES U.S.,173382,28383,38644,15137,(CONTRACTS OF 10 METRIC TONS),FutOnly,cftc_cocoa_selected_history_2009_2026
2012-01-10,073732,COCOA - ICE FUTURES U.S.,173305,28472,40150,14155,(CONTRACTS OF 10 METRIC TONS),FutOnly,cftc_cocoa_selected_history_2009_2026
2012-01-17,073732,COCOA - ICE FUTURES U.S.,169999,27192,37517,13361,(CONTRACTS OF 10 METRIC TONS),FutOnly,cftc_cocoa_selected_history_2009_2026
2012-01-24,073732,COCOA - ICE FUTURES U.S.,171519,27910,35434,14003,(CONTRACTS OF 10 METRIC TONS),FutOnly,cftc_cocoa_selected_history_2009_2026
2012-01-31,073732,COCOA - ICE FUTURES U.S.,168576,25234,29414,13073,(CONTRACTS OF 10 METRIC TONS),FutOnly,cftc_cocoa_selected_history_2009_2026
2012-02-07,073732,COCOA - ICE FUTURES U.S.,171438,24443,33463,14181,(CONTRACTS OF 10 METRIC TONS),FutOnly,cftc_cocoa_selected_history_2009_2026
2012-02-14,073732,COCOA - ICE FUTURES U.S.,163322,25139,37292,11630,(CONTRACTS OF 10 METRIC TONS),FutOnly,cftc_cocoa_selected_history_2009_2026
2012-02-21,073732,COCOA - ICE FUTURES U.S.,163032,26225,33661,12800,(CONTRACTS OF 10 METRIC TONS),FutOnly,cftc_cocoa_selected_history_2009_2026
2012-02-28,073732,COCOA - ICE FUTURES U.S.,160743,26935,31172,12415,(CONTRACTS OF 10 METRIC TONS),FutOnly,cftc_cocoa_selected_history_2009_2026
2012-03-06,073732,COCOA - ICE FUTURES U.S.,169390,27426,33066,14152,(CONTRACTS OF 10 METRIC TONS),FutOnly,cftc_cocoa_selected_history_2009_2026
2012-03-13,073732,COCOA - ICE FUTURES U.S.,172125,26636,31295,16969,(CONTRACTS OF 10 METRIC TONS),FutOnly,cftc_cocoa_selected_history_2009_2026
2012-03-20,073732,COCOA - ICE FUTURES U.S.,168406,25793,31922,16965,(CONTRACTS OF 10 METRIC TONS),FutOnly,cftc_cocoa_selected_history_2009_2026
2012-03-27,073732,COCOA - ICE FUTURES U.S.,171898,26262,31068,18522,(CONTRACTS OF 10 METRIC TONS),FutOnly,cftc_cocoa_selected_history_2009_2026
2012-04-03,073732,COCOA - ICE FUTURES U.S.,176650,25595,36520,17460,(CONTRACTS OF 10 METRIC TONS),FutOnly,cftc_cocoa_selected_history_2009_2026
2012-04-10,073732,COCOA - ICE FUTURES U.S.,181142,23146,40467,20894,(CONTRACTS OF 10 METRIC TONS),FutOnly,cftc_cocoa_selected_history_2009_2026
2012-04-17,073732,COCOA - ICE FUTURES U.S.,174362,23665,42781,16132,(CONTRACTS OF 10 METRIC TONS),FutOnly,cftc_cocoa_selected_history_2009_2026
2012-04-24,073732,COCOA - ICE FUTURES U.S.,177449,22921,39936,17603,(CONTRACTS OF 10 METRIC TONS),FutOnly,cftc_cocoa_selected_history_2009_2026
2012-05-01,073732,COCOA - ICE FUTURES U.S.,182207,24299,37341,20536,(CONTRACTS OF 10 METRIC TONS),FutOnly,cftc_cocoa_selected_history_2009_2026
2012-05-08,073732,COCOA - ICE FUTURES U.S.,179723,25274,34279,20706,(CONTRACTS OF 10 METRIC TONS),FutOnly,cftc_cocoa_selected_history_2009_2026
2012-05-15,073732,COCOA - ICE FUTURES U.S.,183330,24510,33851,21537,(CONTRACTS OF 10 METRIC TONS),FutOnly,cftc_cocoa_selected_history_2009_2026
2012-05-22,073732,COCOA - ICE FUTURES U.S.,185050,24032,35528,21897,(CONTRACTS OF 10 METRIC TONS),FutOnly,cftc_cocoa_selected_history_2009_2026
2012-05-29,073732,COCOA - ICE FUTURES U.S.,189385,22526,34610,21556,(CONTRACTS OF 10 METRIC TONS),FutOnly,cftc_cocoa_selected_history_2009_2026
2012-06-05,073732,COCOA - ICE FUTURES U.S.,190254,22859,36327,22579,(CONTRACTS OF 10 METRIC TONS),FutOnly,cftc_cocoa_selected_history_2009_2026
2012-06-12,073732,COCOA - ICE FUTURES U.S.,169564,22964,31378,15794,(CONTRACTS OF 10 METRIC TONS),FutOnly,cftc_cocoa_selected_history_2009_2026
2012-06-19,073732,COCOA - ICE FUTURES U.S.,167650,25120,30216,14066,(CONTRACTS OF 10 METRIC TONS),FutOnly,cftc_cocoa_selected_history_2009_2026
2012-06-26,073732,COCOA - ICE FUTURES U.S.,171773,24887,32952,15594,(CONTRACTS OF 10 METRIC TONS),FutOnly,cftc_cocoa_selected_history_2009_2026
2012-07-03,073732,COCOA - ICE FUTURES U.S.,179152,31633,28267,16879,(CONTRACTS OF 10 METRIC TONS),FutOnly,cftc_cocoa_selected_history_2009_2026
2012-07-10,073732,COCOA - ICE FUTURES U.S.,183393,34555,26768,16967,(CONTRACTS OF 10 METRIC TONS),FutOnly,cftc_cocoa_selected_history_2009_2026
2012-07-17,073732,COCOA - ICE FUTURES U.S.,187321,35374,30535,16705,(CONTRACTS OF 10 METRIC TONS),FutOnly,cftc_cocoa_selected_history_2009_2026
2012-07-24,073732,COCOA - ICE FUTURES U.S.,191275,34448,32089,19505,(CONTRACTS OF 10 METRIC TONS),FutOnly,cftc_cocoa_selected_history_2009_2026
2012-07-31,073732,COCOA - ICE FUTURES U.S.,192084,36527,26500,21842,(CONTRACTS OF 10 METRIC TONS),FutOnly,cftc_cocoa_selected_history_2009_2026
2012-08-07,073732,COCOA - ICE FUTURES U.S.,191277,40742,27006,21535,(CONTRACTS OF 10 METRIC TONS),FutOnly,cftc_cocoa_selected_history_2009_2026
2012-08-14,073732,COCOA - ICE FUTURES U.S.,191078,47612,30648,15953,(CONTRACTS OF 10 METRIC TONS),FutOnly,cftc_cocoa_selected_history_2009_2026
2012-08-21,073732,COCOA - ICE FUTURES U.S.,189241,51687,36502,15223,(CONTRACTS OF 10 METRIC TONS),FutOnly,cftc_cocoa_selected_history_2009_2026
2012-08-28,073732,COCOA - ICE FUTURES U.S.,188496,49900,31918,15475,(CONTRACTS OF 10 METRIC TONS),FutOnly,cftc_cocoa_selected_history_2009_2026
2012-09-04,073732,COCOA - ICE FUTURES U.S.,198410,52312,24032,20871,(CONTRACTS OF 10 METRIC TONS),FutOnly,cftc_cocoa_selected_history_2009_2026
2012-09-11,073732,COCOA - ICE FUTURES U.S.,206445,55229,21189,24410,(CONTRACTS OF 10 METRIC TONS),FutOnly,cftc_cocoa_selected_history_2009_2026
2012-09-18,073732,COCOA - ICE FUTURES U.S.,200599,50177,20039,26139,(CONTRACTS OF 10 METRIC TONS),FutOnly,cftc_cocoa_selected_history_2009_2026
2012-09-25,073732,COCOA - ICE FUTURES U.S.,197859,47262,16258,28445,(CONTRACTS OF 10 METRIC TONS),FutOnly,cftc_cocoa_selected_history_2009_2026
2012-10-02,073732,COCOA - ICE FUTURES U.S.,199186,46769,17007,31081,(CONTRACTS OF 10 METRIC TONS),FutOnly,cftc_cocoa_selected_history_2009_2026
2012-10-09,073732,COCOA - ICE FUTURES U.S.,200313,47410,18149,32105,(CONTRACTS OF 10 METRIC TONS),FutOnly,cftc_cocoa_selected_history_2009_2026
2012-10-16,073732,COCOA - ICE FUTURES U.S.,202707,47864,17931,32375,(CONTRACTS OF 10 METRIC TONS),FutOnly,cftc_cocoa_selected_history_2009_2026
2012-10-23,073732,COCOA - ICE FUTURES U.S.,205414,44773,14559,34601,(CONTRACTS OF 10 METRIC TONS),FutOnly,cftc_cocoa_selected_history_2009_2026
2012-10-30,073732,COCOA - ICE FUTURES U.S.,203930,45918,14489,32883,(CONTRACTS OF 10 METRIC TONS),FutOnly,cftc_cocoa_selected_history_2009_2026
2012-11-06,073732,COCOA - ICE FUTURES U.S.,193492,44179,12427,25989,(CONTRACTS OF 10 METRIC TONS),FutOnly,cftc_cocoa_selected_history_2009_2026
2012-11-13,073732,COCOA - ICE FUTURES U.S.,179701,43472,13835,22606,(CONTRACTS OF 10 METRIC TONS),FutOnly,cftc_cocoa_selected_history_2009_2026
2012-11-20,073732,COCOA - ICE FUTURES U.S.,185392,49540,13050,22367,(CONTRACTS OF 10 METRIC TONS),FutOnly,cftc_cocoa_selected_history_2009_2026
2012-11-27,073732,COCOA - ICE FUTURES U.S.,192742,52375,11903,22431,(CONTRACTS OF 10 METRIC TONS),FutOnly,cftc_cocoa_selected_history_2009_2026
2012-12-04,073732,COCOA - ICE FUTURES U.S.,201382,57691,14005,22510,(CONTRACTS OF 10 METRIC TONS),FutOnly,cftc_cocoa_selected_history_2009_2026
2012-12-11,073732,COCOA - ICE FUTURES U.S.,193803,54635,11800,22658,(CONTRACTS OF 10 METRIC TONS),FutOnly,cftc_cocoa_selected_history_2009_2026
2012-12-18,073732,COCOA - ICE FUTURES U.S.,190913,53495,10327,22794,(CONTRACTS OF 10 METRIC TONS),FutOnly,cftc_cocoa_selected_history_2009_2026
2012-12-24,073732,COCOA - ICE FUTURES U.S.,189131,51791,12866,22291,(CONTRACTS OF 10 METRIC TONS),FutOnly,cftc_cocoa_selected_history_2009_2026
2012-12-31,073732,COCOA - ICE FUTURES U.S.,191122,51553,14034,22417,(CONTRACTS OF 10 METRIC TONS),FutOnly,cftc_cocoa_selected_history_2009_2026
2013-01-08,073732,COCOA - ICE FUTURES U.S.,193555,50438,18841,24987,(CONTRACTS OF 10 METRIC TONS),FutOnly,cftc_cocoa_selected_history_2009_2026
2013-01-15,073732,COCOA - ICE FUTURES U.S.,194674,49585,21157,25686,(CONTRACTS OF 10 METRIC TONS),FutOnly,cftc_cocoa_selected_history_2009_2026
2013-01-22,073732,COCOA - ICE FUTURES U.S.,198728,48758,23160,28448,(CONTRACTS OF 10 METRIC TONS),FutOnly,cftc_cocoa_selected_history_2009_2026
2013-01-29,073732,COCOA - ICE FUTURES U.S.,208369,50015,27384,31164,(CONTRACTS OF 10 METRIC TONS),FutOnly,cftc_cocoa_selected_history_2009_2026
2013-02-05,073732,COCOA - ICE FUTURES U.S.,202479,48516,29495,28823,(CONTRACTS OF 10 METRIC TONS),FutOnly,cftc_cocoa_selected_history_2009_2026
2013-02-12,073732,COCOA - ICE FUTURES U.S.,185678,47684,29734,21849,(CONTRACTS OF 10 METRIC TONS),FutOnly,cftc_cocoa_selected_history_2009_2026
2013-02-19,073732,COCOA - ICE FUTURES U.S.,186934,48556,31800,22610,(CONTRACTS OF 10 METRIC TONS),FutOnly,cftc_cocoa_selected_history_2009_2026
2013-02-26,073732,COCOA - ICE FUTURES U.S.,193185,50370,35771,24633,(CONTRACTS OF 10 METRIC TONS),FutOnly,cftc_cocoa_selected_history_2009_2026
2013-03-05,073732,COCOA - ICE FUTURES U.S.,200892,53540,39954,24509,(CONTRACTS OF 10 METRIC TONS),FutOnly,cftc_cocoa_selected_history_2009_2026
2013-03-12,073732,COCOA - ICE FUTURES U.S.,202471,55470,39937,24323,(CONTRACTS OF 10 METRIC TONS),FutOnly,cftc_cocoa_selected_history_2009_2026
2013-03-19,073732,COCOA - ICE FUTURES U.S.,199309,57929,44273,18981,(CONTRACTS OF 10 METRIC TONS),FutOnly,cftc_cocoa_selected_history_2009_2026
2013-03-26,073732,COCOA - ICE FUTURES U.S.,200766,54591,41525,19356,(CONTRACTS OF 10 METRIC TONS),FutOnly,cftc_cocoa_selected_history_2009_2026
2013-04-02,073732,COCOA - ICE FUTURES U.S.,201608,52102,40461,19428,(CONTRACTS OF 10 METRIC TONS),FutOnly,cftc_cocoa_selected_history_2009_2026
2013-04-09,073732,COCOA - ICE FUTURES U.S.,196358,49822,37358,21955,(CONTRACTS OF 10 METRIC TONS),FutOnly,cftc_cocoa_selected_history_2009_2026
2013-04-16,073732,COCOA - ICE FUTURES U.S.,194623,52233,32391,20795,(CONTRACTS OF 10 METRIC TONS),FutOnly,cftc_cocoa_selected_history_2009_2026
2013-04-23,073732,COCOA - ICE FUTURES U.S.,200670,55395,27846,22739,(CONTRACTS OF 10 METRIC TONS),FutOnly,cftc_cocoa_selected_history_2009_2026
2013-04-30,073732,COCOA - ICE FUTURES U.S.,211436,64714,28011,24022,(CONTRACTS OF 10 METRIC TONS),FutOnly,cftc_cocoa_selected_history_2009_2026
2013-05-07,073732,COCOA - ICE FUTURES U.S.,224357,70343,26979,28242,(CONTRACTS OF 10 METRIC TONS),FutOnly,cftc_cocoa_selected_history_2009_2026
2013-05-14,073732,COCOA - ICE FUTURES U.S.,219769,71169,24608,27338,(CONTRACTS OF 10 METRIC TONS),FutOnly,cftc_cocoa_selected_history_2009_2026
2013-05-21,073732,COCOA - ICE FUTURES U.S.,224131,73642,25948,30251,(CONTRACTS OF 10 METRIC TONS),FutOnly,cftc_cocoa_selected_history_2009_2026
2013-05-28,073732,COCOA - ICE FUTURES U.S.,218635,68848,21366,29430,(CONTRACTS OF 10 METRIC TONS),FutOnly,cftc_cocoa_selected_history_2009_2026
2013-06-04,073732,COCOA - ICE FUTURES U.S.,217046,69088,20196,26219,(CONTRACTS OF 10 METRIC TONS),FutOnly,cftc_cocoa_selected_history_2009_2026
2013-06-11,073732,COCOA - ICE FUTURES U.S.,210543,68050,16869,22447,(CONTRACTS OF 10 METRIC TONS),FutOnly,cftc_cocoa_selected_history_2009_2026
2013-06-18,073732,COCOA - ICE FUTURES U.S.,188065,64142,15422,18359,(CONTRACTS OF 10 METRIC TONS),FutOnly,cftc_cocoa_selected_history_2009_2026
2013-06-25,073732,COCOA - ICE FUTURES U.S.,183124,63346,20471,15802,(CONTRACTS OF 10 METRIC TONS),FutOnly,cftc_cocoa_selected_history_2009_2026
2013-07-02,073732,COCOA - ICE FUTURES U.S.,181096,59890,22727,12893,(CONTRACTS OF 10 METRIC TONS),FutOnly,cftc_cocoa_selected_history_2009_2026
2013-07-09,073732,COCOA - ICE FUTURES U.S.,177073,54190,21248,15426,(CONTRACTS OF 10 METRIC TONS),FutOnly,cftc_cocoa_selected_history_2009_2026
2013-07-16,073732,COCOA - ICE FUTURES U.S.,172899,51379,21124,14165,(CONTRACTS OF 10 METRIC TONS),FutOnly,cftc_cocoa_selected_history_2009_2026
2013-07-23,073732,COCOA - ICE FUTURES U.S.,175935,52850,12254,16300,(CONTRACTS OF 10 METRIC TONS),FutOnly,cftc_cocoa_selected_history_2009_2026
2013-07-30,073732,COCOA - ICE FUTURES U.S.,176785,55301,12692,17292,(CONTRACTS OF 10 METRIC TONS),FutOnly,cftc_cocoa_selected_history_2009_2026
2013-08-06,073732,COCOA - ICE FUTURES U.S.,177633,58034,14287,19069,(CONTRACTS OF 10 METRIC TONS),FutOnly,cftc_cocoa_selected_history_2009_2026
2013-08-13,073732,COCOA - ICE FUTURES U.S.,184378,67313,16241,15293,(CONTRACTS OF 10 METRIC TONS),FutOnly,cftc_cocoa_selected_history_2009_2026
2013-08-20,073732,COCOA - ICE FUTURES U.S.,187034,73429,18033,13601,(CONTRACTS OF 10 METRIC TONS),FutOnly,cftc_cocoa_selected_history_2009_2026
2013-08-27,073732,COCOA - ICE FUTURES U.S.,186878,75808,18209,13910,(CONTRACTS OF 10 METRIC TONS),FutOnly,cftc_cocoa_selected_history_2009_2026
2013-09-03,073732,COCOA - ICE FUTURES U.S.,186400,77881,19047,12735,(CONTRACTS OF 10 METRIC TONS),FutOnly,cftc_cocoa_selected_history_2009_2026
2013-09-10,073732,COCOA - ICE FUTURES U.S.,195916,80234,16835,16885,(CONTRACTS OF 10 METRIC TONS),FutOnly,cftc_cocoa_selected_history_2009_2026
2013-09-17,073732,COCOA - ICE FUTURES U.S.,204637,84204,18595,18834,(CONTRACTS OF 10 METRIC TONS),FutOnly,cftc_cocoa_selected_history_2009_2026
2013-09-24,073732,COCOA - ICE FUTURES U.S.,208062,85901,19170,20327,(CONTRACTS OF 10 METRIC TONS),FutOnly,cftc_cocoa_selected_history_2009_2026
2013-10-01,073732,COCOA - ICE FUTURES U.S.,213078,89898,20857,20699,(CONTRACTS OF 10 METRIC TONS),FutOnly,cftc_cocoa_selected_history_2009_2026
2013-10-08,073732,COCOA - ICE FUTURES U.S.,216211,90968,21713,19415,(CONTRACTS OF 10 METRIC TONS),FutOnly,cftc_cocoa_selected_history_2009_2026
2013-10-15,073732,COCOA - ICE FUTURES U.S.,217964,94103,22988,16620,(CONTRACTS OF 10 METRIC TONS),FutOnly,cftc_cocoa_selected_history_2009_2026
2013-10-22,073732,COCOA - ICE FUTURES U.S.,226213,98914,25282,17029,(CONTRACTS OF 10 METRIC TONS),FutOnly,cftc_cocoa_selected_history_2009_2026
2013-10-29,073732,COCOA - ICE FUTURES U.S.,223683,98301,23059,16821,(CONTRACTS OF 10 METRIC TONS),FutOnly,cftc_cocoa_selected_history_2009_2026
2013-11-05,073732,COCOA - ICE FUTURES U.S.,223952,99871,14752,18889,(CONTRACTS OF 10 METRIC TONS),FutOnly,cftc_cocoa_selected_history_2009_2026
2013-11-12,073732,COCOA - ICE FUTURES U.S.,201834,90857,12332,14198,(CONTRACTS OF 10 METRIC TONS),FutOnly,cftc_cocoa_selected_history_2009_2026
2013-11-19,073732,COCOA - ICE FUTURES U.S.,211675,94145,16257,15993,(CONTRACTS OF 10 METRIC TONS),FutOnly,cftc_cocoa_selected_history_2009_2026
2013-11-26,073732,COCOA - ICE FUTURES U.S.,216171,96887,16408,17153,(CONTRACTS OF 10 METRIC TONS),FutOnly,cftc_cocoa_selected_history_2009_2026
2013-12-03,073732,COCOA - ICE FUTURES U.S.,220371,97175,15420,18892,(CONTRACTS OF 10 METRIC TONS),FutOnly,cftc_cocoa_selected_history_2009_2026
2013-12-10,073732,COCOA - ICE FUTURES U.S.,213305,95233,15138,19248,(CONTRACTS OF 10 METRIC TONS),FutOnly,cftc_cocoa_selected_history_2009_2026
2013-12-17,073732,COCOA - ICE FUTURES U.S.,210836,91689,12223,21181,(CONTRACTS OF 10 METRIC TONS),FutOnly,cftc_cocoa_selected_history_2009_2026
2013-12-24,073732,COCOA - ICE FUTURES U.S.,214434,92793,11160,23044,(CONTRACTS OF 10 METRIC TONS),FutOnly,cftc_cocoa_selected_history_2009_2026
2013-12-31,073732,COCOA - ICE FUTURES U.S.,207485,92561,12747,18562,(CONTRACTS OF 10 METRIC TONS),FutOnly,cftc_cocoa_selected_history_2009_2026
2014-01-07,073732,COCOA - ICE FUTURES U.S.,203512,87184,12732,15909,(CONTRACTS OF 10 METRIC TONS),FutOnly,cftc_cocoa_selected_history_2009_2026
2014-01-14,073732,COCOA - ICE FUTURES U.S.,208191,85388,13046,20109,(CONTRACTS OF 10 METRIC TONS),FutOnly,cftc_cocoa_selected_history_2009_2026
2014-01-21,073732,COCOA - ICE FUTURES U.S.,209790,86351,13768,20241,(CONTRACTS OF 10 METRIC TONS),FutOnly,cftc_cocoa_selected_history_2009_2026
2014-01-28,073732,COCOA - ICE FUTURES U.S.,218855,91367,11506,23931,(CONTRACTS OF 10 METRIC TONS),FutOnly,cftc_cocoa_selected_history_2009_2026
2014-02-04,073732,COCOA - ICE FUTURES U.S.,225470,95060,12040,20729,(CONTRACTS OF 10 METRIC TONS),FutOnly,cftc_cocoa_selected_history_2009_2026
2014-02-11,073732,COCOA - ICE FUTURES U.S.,218752,94681,14727,18574,(CONTRACTS OF 10 METRIC TONS),FutOnly,cftc_cocoa_selected_history_2009_2026
2014-02-18,073732,COCOA - ICE FUTURES U.S.,212800,94796,14021,17828,(CONTRACTS OF 10 METRIC TONS),FutOnly,cftc_cocoa_selected_history_2009_2026
2014-02-25,073732,COCOA - ICE FUTURES U.S.,210010,93461,13227,19195,(CONTRACTS OF 10 METRIC TONS),FutOnly,cftc_cocoa_selected_history_2009_2026
2014-03-04,073732,COCOA - ICE FUTURES U.S.,210599,95458,14368,19410,(CONTRACTS OF 10 METRIC TONS),FutOnly,cftc_cocoa_selected_history_2009_2026
2014-03-11,073732,COCOA - ICE FUTURES U.S.,217952,97688,21661,21100,(CONTRACTS OF 10 METRIC TONS),FutOnly,cftc_cocoa_selected_history_2009_2026
2014-03-18,073732,COCOA - ICE FUTURES U.S.,217565,96673,21221,22526,(CONTRACTS OF 10 METRIC TONS),FutOnly,cftc_cocoa_selected_history_2009_2026
2014-03-25,073732,COCOA - ICE FUTURES U.S.,218570,92698,22078,22863,(CONTRACTS OF 10 METRIC TONS),FutOnly,cftc_cocoa_selected_history_2009_2026
2014-04-01,073732,COCOA - ICE FUTURES U.S.,214614,91360,20146,18553,(CONTRACTS OF 10 METRIC TONS),FutOnly,cftc_cocoa_selected_history_2009_2026
2014-04-08,073732,COCOA - ICE FUTURES U.S.,205636,87917,19750,16233,(CONTRACTS OF 10 METRIC TONS),FutOnly,cftc_cocoa_selected_history_2009_2026
2014-04-15,073732,COCOA - ICE FUTURES U.S.,201784,84979,20872,15921,(CONTRACTS OF 10 METRIC TONS),FutOnly,cftc_cocoa_selected_history_2009_2026
2014-04-22,073732,COCOA - ICE FUTURES U.S.,204472,85720,20737,16278,(CONTRACTS OF 10 METRIC TONS),FutOnly,cftc_cocoa_selected_history_2009_2026
2014-04-29,073732,COCOA - ICE FUTURES U.S.,201758,80017,20861,16761,(CONTRACTS OF 10 METRIC TONS),FutOnly,cftc_cocoa_selected_history_2009_2026
2014-05-06,073732,COCOA - ICE FUTURES U.S.,201857,76407,20919,17494,(CONTRACTS OF 10 METRIC TONS),FutOnly,cftc_cocoa_selected_history_2009_2026
2014-05-13,073732,COCOA - ICE FUTURES U.S.,199900,71531,21683,18231,(CONTRACTS OF 10 METRIC TONS),FutOnly,cftc_cocoa_selected_history_2009_2026
2014-05-20,073732,COCOA - ICE FUTURES U.S.,199030,71200,20952,16508,(CONTRACTS OF 10 METRIC TONS),FutOnly,cftc_cocoa_selected_history_2009_2026
2014-05-27,073732,COCOA - ICE FUTURES U.S.,213850,77285,19128,20572,(CONTRACTS OF 10 METRIC TONS),FutOnly,cftc_cocoa_selected_history_2009_2026
2014-06-03,073732,COCOA - ICE FUTURES U.S.,221904,82895,18431,20151,(CONTRACTS OF 10 METRIC TONS),FutOnly,cftc_cocoa_selected_history_2009_2026
2014-06-10,073732,COCOA - ICE FUTURES U.S.,216022,89597,21066,18684,(CONTRACTS OF 10 METRIC TONS),FutOnly,cftc_cocoa_selected_history_2009_2026
2014-06-17,073732,COCOA - ICE FUTURES U.S.,212417,93275,22782,15670,(CONTRACTS OF 10 METRIC TONS),FutOnly,cftc_cocoa_selected_history_2009_2026
2014-06-24,073732,COCOA - ICE FUTURES U.S.,213844,95719,22289,14311,(CONTRACTS OF 10 METRIC TONS),FutOnly,cftc_cocoa_selected_history_2009_2026
2014-07-01,073732,COCOA - ICE FUTURES U.S.,216548,94935,22872,13631,(CONTRACTS OF 10 METRIC TONS),FutOnly,cftc_cocoa_selected_history_2009_2026
2014-07-08,073732,COCOA - ICE FUTURES U.S.,214199,94693,23126,13001,(CONTRACTS OF 10 METRIC TONS),FutOnly,cftc_cocoa_selected_history_2009_2026
2014-07-15,073732,COCOA - ICE FUTURES U.S.,212827,93780,24424,12235,(CONTRACTS OF 10 METRIC TONS),FutOnly,cftc_cocoa_selected_history_2009_2026
2014-07-22,073732,COCOA - ICE FUTURES U.S.,214708,92569,23614,13606,(CONTRACTS OF 10 METRIC TONS),FutOnly,cftc_cocoa_selected_history_2009_2026
2014-07-29,073732,COCOA - ICE FUTURES U.S.,219245,97816,27052,14423,(CONTRACTS OF 10 METRIC TONS),FutOnly,cftc_cocoa_selected_history_2009_2026
2014-08-05,073732,COCOA - ICE FUTURES U.S.,215045,101880,26980,11916,(CONTRACTS OF 10 METRIC TONS),FutOnly,cftc_cocoa_selected_history_2009_2026
2014-08-12,073732,COCOA - ICE FUTURES U.S.,214215,107050,28978,9534,(CONTRACTS OF 10 METRIC TONS),FutOnly,cftc_cocoa_selected_history_2009_2026
2014-08-19,073732,COCOA - ICE FUTURES U.S.,210063,104828,27400,8454,(CONTRACTS OF 10 METRIC TONS),FutOnly,cftc_cocoa_selected_history_2009_2026
2014-08-26,073732,COCOA - ICE FUTURES U.S.,209294,103903,27260,7687,(CONTRACTS OF 10 METRIC TONS),FutOnly,cftc_cocoa_selected_history_2009_2026
2014-09-02,073732,COCOA - ICE FUTURES U.S.,213642,106766,27179,10015,(CONTRACTS OF 10 METRIC TONS),FutOnly,cftc_cocoa_selected_history_2009_2026
2014-09-09,073732,COCOA - ICE FUTURES U.S.,208885,101334,24918,9456,(CONTRACTS OF 10 METRIC TONS),FutOnly,cftc_cocoa_selected_history_2009_2026
2014-09-16,073732,COCOA - ICE FUTURES U.S.,200772,91332,22014,9290,(CONTRACTS OF 10 METRIC TONS),FutOnly,cftc_cocoa_selected_history_2009_2026
2014-09-23,073732,COCOA - ICE FUTURES U.S.,209913,92149,19075,11377,(CONTRACTS OF 10 METRIC TONS),FutOnly,cftc_cocoa_selected_history_2009_2026
2014-09-30,073732,COCOA - ICE FUTURES U.S.,216801,97746,21047,13755,(CONTRACTS OF 10 METRIC TONS),FutOnly,cftc_cocoa_selected_history_2009_2026
2014-10-07,073732,COCOA - ICE FUTURES U.S.,203687,85296,21277,15361,(CONTRACTS OF 10 METRIC TONS),FutOnly,cftc_cocoa_selected_history_2009_2026
2014-10-14,073732,COCOA - ICE FUTURES U.S.,200006,79441,21258,15222,(CONTRACTS OF 10 METRIC TONS),FutOnly,cftc_cocoa_selected_history_2009_2026
2014-10-21,073732,COCOA - ICE FUTURES U.S.,196589,75698,21293,15428,(CONTRACTS OF 10 METRIC TONS),FutOnly,cftc_cocoa_selected_history_2009_2026
2014-10-28,073732,COCOA - ICE FUTURES U.S.,193167,67386,20024,17323,(CONTRACTS OF 10 METRIC TONS),FutOnly,cftc_cocoa_selected_history_2009_2026
2014-11-04,073732,COCOA - ICE FUTURES U.S.,186064,61876,16738,17293,(CONTRACTS OF 10 METRIC TONS),FutOnly,cftc_cocoa_selected_history_2009_2026
2014-11-11,073732,COCOA - ICE FUTURES U.S.,174426,58972,18948,13245,(CONTRACTS OF 10 METRIC TONS),FutOnly,cftc_cocoa_selected_history_2009_2026
2014-11-18,073732,COCOA - ICE FUTURES U.S.,172714,56283,16429,15867,(CONTRACTS OF 10 METRIC TONS),FutOnly,cftc_cocoa_selected_history_2009_2026
2014-11-25,073732,COCOA - ICE FUTURES U.S.,175856,57325,16696,16024,(CONTRACTS OF 10 METRIC TONS),FutOnly,cftc_cocoa_selected_history_2009_2026
2014-12-02,073732,COCOA - ICE FUTURES U.S.,180195,57307,18092,17778,(CONTRACTS OF 10 METRIC TONS),FutOnly,cftc_cocoa_selected_history_2009_2026
2014-12-09,073732,COCOA - ICE FUTURES U.S.,186988,60009,18850,17573,(CONTRACTS OF 10 METRIC TONS),FutOnly,cftc_cocoa_selected_history_2009_2026
2014-12-16,073732,COCOA - ICE FUTURES U.S.,184338,59776,16114,17028,(CONTRACTS OF 10 METRIC TONS),FutOnly,cftc_cocoa_selected_history_2009_2026
2014-12-23,073732,COCOA - ICE FUTURES U.S.,190360,66367,16017,15676,(CONTRACTS OF 10 METRIC TONS),FutOnly,cftc_cocoa_selected_history_2009_2026
2014-12-30,073732,COCOA - ICE FUTURES U.S.,194115,68959,17810,16057,(CONTRACTS OF 10 METRIC TONS),FutOnly,cftc_cocoa_selected_history_2009_2026
2015-01-06,073732,COCOA - ICE FUTURES U.S.,197299,67525,14876,17763,(CONTRACTS OF 10 METRIC TONS),FutOnly,cftc_cocoa_selected_history_2009_2026
2015-01-13,073732,COCOA - ICE FUTURES U.S.,209171,72561,16822,20412,(CONTRACTS OF 10 METRIC TONS),FutOnly,cftc_cocoa_selected_history_2009_2026
2015-01-20,073732,COCOA - ICE FUTURES U.S.,207704,71540,15045,21822,(CONTRACTS OF 10 METRIC TONS),FutOnly,cftc_cocoa_selected_history_2009_2026
2015-01-27,073732,COCOA - ICE FUTURES U.S.,189249,55783,10556,14679,(CONTRACTS OF 10 METRIC TONS),FutOnly,cftc_cocoa_selected_history_2009_2026
2015-02-03,073732,COCOA - ICE FUTURES U.S.,195184,53434,14258,19487,(CONTRACTS OF 10 METRIC TONS),FutOnly,cftc_cocoa_selected_history_2009_2026
2015-02-10,073732,COCOA - ICE FUTURES U.S.,184374,47665,12218,20823,(CONTRACTS OF 10 METRIC TONS),FutOnly,cftc_cocoa_selected_history_2009_2026
2015-02-17,073732,COCOA - ICE FUTURES U.S.,185820,49226,9498,19166,(CONTRACTS OF 10 METRIC TONS),FutOnly,cftc_cocoa_selected_history_2009_2026
2015-02-24,073732,COCOA - ICE FUTURES U.S.,200520,58229,11928,14371,(CONTRACTS OF 10 METRIC TONS),FutOnly,cftc_cocoa_selected_history_2009_2026
2015-03-03,073732,COCOA - ICE FUTURES U.S.,215131,59285,17827,15364,(CONTRACTS OF 10 METRIC TONS),FutOnly,cftc_cocoa_selected_history_2009_2026
2015-03-10,073732,COCOA - ICE FUTURES U.S.,212400,58907,15011,16083,(CONTRACTS OF 10 METRIC TONS),FutOnly,cftc_cocoa_selected_history_2009_2026
2015-03-17,073732,COCOA - ICE FUTURES U.S.,208504,50560,16021,15469,(CONTRACTS OF 10 METRIC TONS),FutOnly,cftc_cocoa_selected_history_2009_2026
2015-03-24,073732,COCOA - ICE FUTURES U.S.,209278,45145,22661,17579,(CONTRACTS OF 10 METRIC TONS),FutOnly,cftc_cocoa_selected_history_2009_2026
2015-03-31,073732,COCOA - ICE FUTURES U.S.,216001,43525,24014,18418,(CONTRACTS OF 10 METRIC TONS),FutOnly,cftc_cocoa_selected_history_2009_2026
2015-04-07,073732,COCOA - ICE FUTURES U.S.,214176,41097,24470,20163,(CONTRACTS OF 10 METRIC TONS),FutOnly,cftc_cocoa_selected_history_2009_2026
2015-04-14,073732,COCOA - ICE FUTURES U.S.,202022,46194,25840,14376,(CONTRACTS OF 10 METRIC TONS),FutOnly,cftc_cocoa_selected_history_2009_2026
2015-04-21,073732,COCOA - ICE FUTURES U.S.,186384,43049,20013,13256,(CONTRACTS OF 10 METRIC TONS),FutOnly,cftc_cocoa_selected_history_2009_2026
2015-04-28,073732,COCOA - ICE FUTURES U.S.,193087,46911,20673,14512,(CONTRACTS OF 10 METRIC TONS),FutOnly,cftc_cocoa_selected_history_2009_2026
2015-05-05,073732,COCOA - ICE FUTURES U.S.,195453,46684,23390,15017,(CONTRACTS OF 10 METRIC TONS),FutOnly,cftc_cocoa_selected_history_2009_2026
2015-05-12,073732,COCOA - ICE FUTURES U.S.,200173,51024,21199,14084,(CONTRACTS OF 10 METRIC TONS),FutOnly,cftc_cocoa_selected_history_2009_2026
2015-05-19,073732,COCOA - ICE FUTURES U.S.,214859,62056,23041,14150,(CONTRACTS OF 10 METRIC TONS),FutOnly,cftc_cocoa_selected_history_2009_2026
2015-05-26,073732,COCOA - ICE FUTURES U.S.,221934,65208,24319,15138,(CONTRACTS OF 10 METRIC TONS),FutOnly,cftc_cocoa_selected_history_2009_2026
2015-06-02,073732,COCOA - ICE FUTURES U.S.,224336,66526,24913,15167,(CONTRACTS OF 10 METRIC TONS),FutOnly,cftc_cocoa_selected_history_2009_2026
2015-06-09,073732,COCOA - ICE FUTURES U.S.,210891,66524,22058,10386,(CONTRACTS OF 10 METRIC TONS),FutOnly,cftc_cocoa_selected_history_2009_2026
2015-06-16,073732,COCOA - ICE FUTURES U.S.,209843,70565,25597,9760,(CONTRACTS OF 10 METRIC TONS),FutOnly,cftc_cocoa_selected_history_2009_2026
2015-06-23,073732,COCOA - ICE FUTURES U.S.,215213,73854,26802,10482,(CONTRACTS OF 10 METRIC TONS),FutOnly,cftc_cocoa_selected_history_2009_2026
2015-06-30,073732,COCOA - ICE FUTURES U.S.,219185,73968,23542,12119,(CONTRACTS OF 10 METRIC TONS),FutOnly,cftc_cocoa_selected_history_2009_2026
2015-07-07,073732,COCOA - ICE FUTURES U.S.,217524,72132,21328,12303,(CONTRACTS OF 10 METRIC TONS),FutOnly,cftc_cocoa_selected_history_2009_2026
2015-07-14,073732,COCOA - ICE FUTURES U.S.,224273,74723,23704,14879,(CONTRACTS OF 10 METRIC TONS),FutOnly,cftc_cocoa_selected_history_2009_2026
2015-07-21,073732,COCOA - ICE FUTURES U.S.,226233,74587,23557,17748,(CONTRACTS OF 10 METRIC TONS),FutOnly,cftc_cocoa_selected_history_2009_2026
2015-07-28,073732,COCOA - ICE FUTURES U.S.,214402,68224,18834,18962,(CONTRACTS OF 10 METRIC TONS),FutOnly,cftc_cocoa_selected_history_2009_2026
2015-08-04,073732,COCOA - ICE FUTURES U.S.,210376,64012,19309,21149,(CONTRACTS OF 10 METRIC TONS),FutOnly,cftc_cocoa_selected_history_2009_2026
2015-08-11,073732,COCOA - ICE FUTURES U.S.,181077,52577,17760,10440,(CONTRACTS OF 10 METRIC TONS),FutOnly,cftc_cocoa_selected_history_2009_2026
2015-08-18,073732,COCOA - ICE FUTURES U.S.,175480,49065,18675,10765,(CONTRACTS OF 10 METRIC TONS),FutOnly,cftc_cocoa_selected_history_2009_2026
2015-08-25,073732,COCOA - ICE FUTURES U.S.,172690,45632,16653,12146,(CONTRACTS OF 10 METRIC TONS),FutOnly,cftc_cocoa_selected_history_2009_2026
2015-09-01,073732,COCOA - ICE FUTURES U.S.,176190,47315,15752,13323,(CONTRACTS OF 10 METRIC TONS),FutOnly,cftc_cocoa_selected_history_2009_2026
2015-09-08,073732,COCOA - ICE FUTURES U.S.,184226,51240,17708,15588,(CONTRACTS OF 10 METRIC TONS),FutOnly,cftc_cocoa_selected_history_2009_2026
2015-09-15,073732,COCOA - ICE FUTURES U.S.,193821,49844,17699,16149,(CONTRACTS OF 10 METRIC TONS),FutOnly,cftc_cocoa_selected_history_2009_2026
2015-09-22,073732,COCOA - ICE FUTURES U.S.,213628,51416,18089,24316,(CONTRACTS OF 10 METRIC TONS),FutOnly,cftc_cocoa_selected_history_2009_2026
2015-09-29,073732,COCOA - ICE FUTURES U.S.,219477,51486,14886,28449,(CONTRACTS OF 10 METRIC TONS),FutOnly,cftc_cocoa_selected_history_2009_2026
2015-10-06,073732,COCOA - ICE FUTURES U.S.,213077,44766,12020,30354,(CONTRACTS OF 10 METRIC TONS),FutOnly,cftc_cocoa_selected_history_2009_2026
2015-10-13,073732,COCOA - ICE FUTURES U.S.,213757,44617,13504,32070,(CONTRACTS OF 10 METRIC TONS),FutOnly,cftc_cocoa_selected_history_2009_2026
2015-10-20,073732,COCOA - ICE FUTURES U.S.,219306,43227,14004,34180,(CONTRACTS OF 10 METRIC TONS),FutOnly,cftc_cocoa_selected_history_2009_2026
2015-10-27,073732,COCOA - ICE FUTURES U.S.,220893,43047,14447,32854,(CONTRACTS OF 10 METRIC TONS),FutOnly,cftc_cocoa_selected_history_2009_2026
2015-11-03,073732,COCOA - ICE FUTURES U.S.,224684,52334,19753,29823,(CONTRACTS OF 10 METRIC TONS),FutOnly,cftc_cocoa_selected_history_2009_2026
2015-11-10,073732,COCOA - ICE FUTURES U.S.,225919,61130,22916,25966,(CONTRACTS OF 10 METRIC TONS),FutOnly,cftc_cocoa_selected_history_2009_2026
2015-11-17,073732,COCOA - ICE FUTURES U.S.,233700,71937,26233,27806,(CONTRACTS OF 10 METRIC TONS),FutOnly,cftc_cocoa_selected_history_2009_2026
2015-11-24,073732,COCOA - ICE FUTURES U.S.,241947,78229,29726,26241,(CONTRACTS OF 10 METRIC TONS),FutOnly,cftc_cocoa_selected_history_2009_2026
2015-12-01,073732,COCOA - ICE FUTURES U.S.,246943,79869,31693,27180,(CONTRACTS OF 10 METRIC TONS),FutOnly,cftc_cocoa_selected_history_2009_2026
2015-12-08,073732,COCOA - ICE FUTURES U.S.,242561,79879,29837,26278,(CONTRACTS OF 10 METRIC TONS),FutOnly,cftc_cocoa_selected_history_2009_2026
2015-12-15,073732,COCOA - ICE FUTURES U.S.,237262,79659,27926,26150,(CONTRACTS OF 10 METRIC TONS),FutOnly,cftc_cocoa_selected_history_2009_2026
2015-12-22,073732,COCOA - ICE FUTURES U.S.,224794,66673,20024,28927,(CONTRACTS OF 10 METRIC TONS),FutOnly,cftc_cocoa_selected_history_2009_2026
2015-12-29,073732,COCOA - ICE FUTURES U.S.,221804,64271,18610,28674,(CONTRACTS OF 10 METRIC TONS),FutOnly,cftc_cocoa_selected_history_2009_2026
2016-01-05,073732,COCOA - ICE FUTURES U.S.,222486,59376,16636,32711,(CONTRACTS OF 10 METRIC TONS),FutOnly,cftc_cocoa_selected_history_2009_2026
2016-01-12,073732,COCOA - ICE FUTURES U.S.,219892,53660,26056,28982,(CONTRACTS OF 10 METRIC TONS),FutOnly,cftc_cocoa_selected_history_2009_2026
2016-01-19,073732,COCOA - ICE FUTURES U.S.,226605,49008,27338,29052,(CONTRACTS OF 10 METRIC TONS),FutOnly,cftc_cocoa_selected_history_2009_2026
2016-01-26,073732,COCOA - ICE FUTURES U.S.,236396,49764,29768,25440,(CONTRACTS OF 10 METRIC TONS),FutOnly,cftc_cocoa_selected_history_2009_2026
2016-02-02,073732,COCOA - ICE FUTURES U.S.,239603,48640,32191,28229,(CONTRACTS OF 10 METRIC TONS),FutOnly,cftc_cocoa_selected_history_2009_2026
2016-02-09,073732,COCOA - ICE FUTURES U.S.,225354,46408,28822,22767,(CONTRACTS OF 10 METRIC TONS),FutOnly,cftc_cocoa_selected_history_2009_2026
2016-02-16,073732,COCOA - ICE FUTURES U.S.,227359,45315,26369,25301,(CONTRACTS OF 10 METRIC TONS),FutOnly,cftc_cocoa_selected_history_2009_2026
2016-02-23,073732,COCOA - ICE FUTURES U.S.,236692,45899,25496,25370,(CONTRACTS OF 10 METRIC TONS),FutOnly,cftc_cocoa_selected_history_2009_2026
2016-03-01,073732,COCOA - ICE FUTURES U.S.,238761,47585,23440,29973,(CONTRACTS OF 10 METRIC TONS),FutOnly,cftc_cocoa_selected_history_2009_2026
2016-03-08,073732,COCOA - ICE FUTURES U.S.,236257,44218,17981,30351,(CONTRACTS OF 10 METRIC TONS),FutOnly,cftc_cocoa_selected_history_2009_2026
2016-03-15,073732,COCOA - ICE FUTURES U.S.,235299,45570,16916,30979,(CONTRACTS OF 10 METRIC TONS),FutOnly,cftc_cocoa_selected_history_2009_2026
2016-03-22,073732,COCOA - ICE FUTURES U.S.,242761,48834,16920,33019,(CONTRACTS OF 10 METRIC TONS),FutOnly,cftc_cocoa_selected_history_2009_2026
2016-03-29,073732,COCOA - ICE FUTURES U.S.,238510,48464,16923,29885,(CONTRACTS OF 10 METRIC TONS),FutOnly,cftc_cocoa_selected_history_2009_2026
2016-04-05,073732,COCOA - ICE FUTURES U.S.,234720,49279,20238,29443,(CONTRACTS OF 10 METRIC TONS),FutOnly,cftc_cocoa_selected_history_2009_2026
2016-04-12,073732,COCOA - ICE FUTURES U.S.,225819,50402,21183,29288,(CONTRACTS OF 10 METRIC TONS),FutOnly,cftc_cocoa_selected_history_2009_2026
2016-04-19,073732,COCOA - ICE FUTURES U.S.,232194,56500,21465,27291,(CONTRACTS OF 10 METRIC TONS),FutOnly,cftc_cocoa_selected_history_2009_2026
2016-04-26,073732,COCOA - ICE FUTURES U.S.,239023,63234,19422,29663,(CONTRACTS OF 10 METRIC TONS),FutOnly,cftc_cocoa_selected_history_2009_2026
2016-05-03,073732,COCOA - ICE FUTURES U.S.,250904,69131,18965,31337,(CONTRACTS OF 10 METRIC TONS),FutOnly,cftc_cocoa_selected_history_2009_2026
2016-05-10,073732,COCOA - ICE FUTURES U.S.,245287,63940,15768,26077,(CONTRACTS OF 10 METRIC TONS),FutOnly,cftc_cocoa_selected_history_2009_2026
2016-05-17,073732,COCOA - ICE FUTURES U.S.,242102,54935,17891,27603,(CONTRACTS OF 10 METRIC TONS),FutOnly,cftc_cocoa_selected_history_2009_2026
2016-05-24,073732,COCOA - ICE FUTURES U.S.,237330,46454,22048,24180,(CONTRACTS OF 10 METRIC TONS),FutOnly,cftc_cocoa_selected_history_2009_2026
2016-05-31,073732,COCOA - ICE FUTURES U.S.,220225,43419,22768,17274,(CONTRACTS OF 10 METRIC TONS),FutOnly,cftc_cocoa_selected_history_2009_2026
2016-06-07,073732,COCOA - ICE FUTURES U.S.,206203,43827,19742,18417,(CONTRACTS OF 10 METRIC TONS),FutOnly,cftc_cocoa_selected_history_2009_2026
2016-06-14,073732,COCOA - ICE FUTURES U.S.,198008,47539,16563,15710,(CONTRACTS OF 10 METRIC TONS),FutOnly,cftc_cocoa_selected_history_2009_2026
2016-06-21,073732,COCOA - ICE FUTURES U.S.,187149,46092,14714,13395,(CONTRACTS OF 10 METRIC TONS),FutOnly,cftc_cocoa_selected_history_2009_2026
2016-06-28,073732,COCOA - ICE FUTURES U.S.,196474,49564,17870,14039,(CONTRACTS OF 10 METRIC TONS),FutOnly,cftc_cocoa_selected_history_2009_2026
2016-07-05,073732,COCOA - ICE FUTURES U.S.,205072,53659,14105,14870,(CONTRACTS OF 10 METRIC TONS),FutOnly,cftc_cocoa_selected_history_2009_2026
2016-07-12,073732,COCOA - ICE FUTURES U.S.,213944,56301,14856,17681,(CONTRACTS OF 10 METRIC TONS),FutOnly,cftc_cocoa_selected_history_2009_2026
2016-07-19,073732,COCOA - ICE FUTURES U.S.,217124,52958,13573,23369,(CONTRACTS OF 10 METRIC TONS),FutOnly,cftc_cocoa_selected_history_2009_2026
2016-07-26,073732,COCOA - ICE FUTURES U.S.,218588,47948,22964,22068,(CONTRACTS OF 10 METRIC TONS),FutOnly,cftc_cocoa_selected_history_2009_2026
2016-08-02,073732,COCOA - ICE FUTURES U.S.,229453,50432,33022,19587,(CONTRACTS OF 10 METRIC TONS),FutOnly,cftc_cocoa_selected_history_2009_2026
2016-08-09,073732,COCOA - ICE FUTURES U.S.,210891,50977,30434,23871,(CONTRACTS OF 10 METRIC TONS),FutOnly,cftc_cocoa_selected_history_2009_2026
2016-08-16,073732,COCOA - ICE FUTURES U.S.,198224,51553,23939,16369,(CONTRACTS OF 10 METRIC TONS),FutOnly,cftc_cocoa_selected_history_2009_2026
2016-08-23,073732,COCOA - ICE FUTURES U.S.,194897,55232,14379,14517,(CONTRACTS OF 10 METRIC TONS),FutOnly,cftc_cocoa_selected_history_2009_2026
2016-08-30,073732,COCOA - ICE FUTURES U.S.,193120,55637,16102,10759,(CONTRACTS OF 10 METRIC TONS),FutOnly,cftc_cocoa_selected_history_2009_2026
2016-09-06,073732,COCOA - ICE FUTURES U.S.,196846,55585,22789,10533,(CONTRACTS OF 10 METRIC TONS),FutOnly,cftc_cocoa_selected_history_2009_2026
2016-09-13,073732,COCOA - ICE FUTURES U.S.,206611,49949,30286,11077,(CONTRACTS OF 10 METRIC TONS),FutOnly,cftc_cocoa_selected_history_2009_2026
2016-09-20,073732,COCOA - ICE FUTURES U.S.,216181,49241,33559,12483,(CONTRACTS OF 10 METRIC TONS),FutOnly,cftc_cocoa_selected_history_2009_2026
2016-09-27,073732,COCOA - ICE FUTURES U.S.,220380,53240,32829,11144,(CONTRACTS OF 10 METRIC TONS),FutOnly,cftc_cocoa_selected_history_2009_2026
2016-10-04,073732,COCOA - ICE FUTURES U.S.,235123,56463,33652,11488,(CONTRACTS OF 10 METRIC TONS),FutOnly,cftc_cocoa_selected_history_2009_2026
2016-10-11,073732,COCOA - ICE FUTURES U.S.,253437,59621,36058,13385,(CONTRACTS OF 10 METRIC TONS),FutOnly,cftc_cocoa_selected_history_2009_2026
2016-10-18,073732,COCOA - ICE FUTURES U.S.,254290,61021,35677,13574,(CONTRACTS OF 10 METRIC TONS),FutOnly,cftc_cocoa_selected_history_2009_2026
2016-10-25,073732,COCOA - ICE FUTURES U.S.,261863,60925,36640,18099,(CONTRACTS OF 10 METRIC TONS),FutOnly,cftc_cocoa_selected_history_2009_2026
2016-11-01,073732,COCOA - ICE FUTURES U.S.,260081,61328,36775,17624,(CONTRACTS OF 10 METRIC TONS),FutOnly,cftc_cocoa_selected_history_2009_2026
2016-11-08,073732,COCOA - ICE FUTURES U.S.,239219,58026,41222,10222,(CONTRACTS OF 10 METRIC TONS),FutOnly,cftc_cocoa_selected_history_2009_2026
2016-11-15,073732,COCOA - ICE FUTURES U.S.,236765,55901,46148,6621,(CONTRACTS OF 10 METRIC TONS),FutOnly,cftc_cocoa_selected_history_2009_2026
2016-11-22,073732,COCOA - ICE FUTURES U.S.,242224,54232,49316,6611,(CONTRACTS OF 10 METRIC TONS),FutOnly,cftc_cocoa_selected_history_2009_2026
2016-11-29,073732,COCOA - ICE FUTURES U.S.,246969,55381,49100,7385,(CONTRACTS OF 10 METRIC TONS),FutOnly,cftc_cocoa_selected_history_2009_2026
2016-12-06,073732,COCOA - ICE FUTURES U.S.,253550,51911,47003,8227,(CONTRACTS OF 10 METRIC TONS),FutOnly,cftc_cocoa_selected_history_2009_2026
2016-12-13,073732,COCOA - ICE FUTURES U.S.,255302,46278,47529,7803,(CONTRACTS OF 10 METRIC TONS),FutOnly,cftc_cocoa_selected_history_2009_2026
2016-12-20,073732,COCOA - ICE FUTURES U.S.,250327,42720,43694,10571,(CONTRACTS OF 10 METRIC TONS),FutOnly,cftc_cocoa_selected_history_2009_2026
2016-12-27,073732,COCOA - ICE FUTURES U.S.,253726,41292,42555,12262,(CONTRACTS OF 10 METRIC TONS),FutOnly,cftc_cocoa_selected_history_2009_2026
2017-01-03,073732,COCOA - ICE FUTURES U.S.,277169,41316,42644,17543,(CONTRACTS OF 10 METRIC TONS),FutOnly,cftc_cocoa_selected_history_2009_2026
2017-01-10,073732,COCOA - ICE FUTURES U.S.,278267,42681,44279,20946,(CONTRACTS OF 10 METRIC TONS),FutOnly,cftc_cocoa_selected_history_2009_2026
2017-01-17,073732,COCOA - ICE FUTURES U.S.,278653,42824,45405,23909,(CONTRACTS OF 10 METRIC TONS),FutOnly,cftc_cocoa_selected_history_2009_2026
2017-01-24,073732,COCOA - ICE FUTURES U.S.,272785,40848,55872,26398,(CONTRACTS OF 10 METRIC TONS),FutOnly,cftc_cocoa_selected_history_2009_2026
2017-01-31,073732,COCOA - ICE FUTURES U.S.,269059,39574,59651,26236,(CONTRACTS OF 10 METRIC TONS),FutOnly,cftc_cocoa_selected_history_2009_2026
2017-02-07,073732,COCOA - ICE FUTURES U.S.,260157,37109,61401,25065,(CONTRACTS OF 10 METRIC TONS),FutOnly,cftc_cocoa_selected_history_2009_2026
2017-02-14,073732,COCOA - ICE FUTURES U.S.,261781,39155,65661,19174,(CONTRACTS OF 10 METRIC TONS),FutOnly,cftc_cocoa_selected_history_2009_2026
2017-02-21,073732,COCOA - ICE FUTURES U.S.,269538,43929,69770,21895,(CONTRACTS OF 10 METRIC TONS),FutOnly,cftc_cocoa_selected_history_2009_2026
2017-02-28,073732,COCOA - ICE FUTURES U.S.,281942,46161,79452,16693,(CONTRACTS OF 10 METRIC TONS),FutOnly,cftc_cocoa_selected_history_2009_2026
2017-03-07,073732,COCOA - ICE FUTURES U.S.,292026,48191,82297,18804,(CONTRACTS OF 10 METRIC TONS),FutOnly,cftc_cocoa_selected_history_2009_2026
2017-03-14,073732,COCOA - ICE FUTURES U.S.,284966,48252,80094,19779,(CONTRACTS OF 10 METRIC TONS),FutOnly,cftc_cocoa_selected_history_2009_2026
2017-03-21,073732,COCOA - ICE FUTURES U.S.,281932,45483,68931,22024,(CONTRACTS OF 10 METRIC TONS),FutOnly,cftc_cocoa_selected_history_2009_2026
2017-03-28,073732,COCOA - ICE FUTURES U.S.,281950,43511,59116,23067,(CONTRACTS OF 10 METRIC TONS),FutOnly,cftc_cocoa_selected_history_2009_2026
2017-04-04,073732,COCOA - ICE FUTURES U.S.,283269,43037,56072,23748,(CONTRACTS OF 10 METRIC TONS),FutOnly,cftc_cocoa_selected_history_2009_2026
2017-04-11,073732,COCOA - ICE FUTURES U.S.,277517,39937,62828,22199,(CONTRACTS OF 10 METRIC TONS),FutOnly,cftc_cocoa_selected_history_2009_2026
2017-04-18,073732,COCOA - ICE FUTURES U.S.,278286,42640,75411,16975,(CONTRACTS OF 10 METRIC TONS),FutOnly,cftc_cocoa_selected_history_2009_2026
2017-04-25,073732,COCOA - ICE FUTURES U.S.,294148,45340,84480,17093,(CONTRACTS OF 10 METRIC TONS),FutOnly,cftc_cocoa_selected_history_2009_2026
2017-05-02,073732,COCOA - ICE FUTURES U.S.,307188,45962,93969,20979,(CONTRACTS OF 10 METRIC TONS),FutOnly,cftc_cocoa_selected_history_2009_2026
2017-05-09,073732,COCOA - ICE FUTURES U.S.,302972,47335,92107,25763,(CONTRACTS OF 10 METRIC TONS),FutOnly,cftc_cocoa_selected_history_2009_2026
2017-05-16,073732,COCOA - ICE FUTURES U.S.,292663,43396,80387,24508,(CONTRACTS OF 10 METRIC TONS),FutOnly,cftc_cocoa_selected_history_2009_2026
2017-05-23,073732,COCOA - ICE FUTURES U.S.,287345,40798,69946,22479,(CONTRACTS OF 10 METRIC TONS),FutOnly,cftc_cocoa_selected_history_2009_2026
2017-05-30,073732,COCOA - ICE FUTURES U.S.,288943,40718,68847,20928,(CONTRACTS OF 10 METRIC TONS),FutOnly,cftc_cocoa_selected_history_2009_2026
2017-06-06,073732,COCOA - ICE FUTURES U.S.,271462,39080,67708,26250,(CONTRACTS OF 10 METRIC TONS),FutOnly,cftc_cocoa_selected_history_2009_2026
2017-06-13,073732,COCOA - ICE FUTURES U.S.,249156,37714,65120,22227,(CONTRACTS OF 10 METRIC TONS),FutOnly,cftc_cocoa_selected_history_2009_2026
2017-06-20,073732,COCOA - ICE FUTURES U.S.,242883,33506,65388,20980,(CONTRACTS OF 10 METRIC TONS),FutOnly,cftc_cocoa_selected_history_2009_2026
2017-06-27,073732,COCOA - ICE FUTURES U.S.,261679,35087,82606,24149,(CONTRACTS OF 10 METRIC TONS),FutOnly,cftc_cocoa_selected_history_2009_2026
2017-07-03,073732,COCOA - ICE FUTURES U.S.,263719,35549,80403,25824,(CONTRACTS OF 10 METRIC TONS),FutOnly,cftc_cocoa_selected_history_2009_2026
2017-07-11,073732,COCOA - ICE FUTURES U.S.,274523,34233,87447,27424,(CONTRACTS OF 10 METRIC TONS),FutOnly,cftc_cocoa_selected_history_2009_2026
2017-07-18,073732,COCOA - ICE FUTURES U.S.,278949,34941,91654,30775,(CONTRACTS OF 10 METRIC TONS),FutOnly,cftc_cocoa_selected_history_2009_2026
2017-07-25,073732,COCOA - ICE FUTURES U.S.,277676,31466,80969,30466,(CONTRACTS OF 10 METRIC TONS),FutOnly,cftc_cocoa_selected_history_2009_2026
2017-08-01,073732,COCOA - ICE FUTURES U.S.,264550,33147,67776,30447,(CONTRACTS OF 10 METRIC TONS),FutOnly,cftc_cocoa_selected_history_2009_2026
2017-08-08,073732,COCOA - ICE FUTURES U.S.,247413,33449,61831,28522,(CONTRACTS OF 10 METRIC TONS),FutOnly,cftc_cocoa_selected_history_2009_2026
2017-08-15,073732,COCOA - ICE FUTURES U.S.,229231,31911,68918,21035,(CONTRACTS OF 10 METRIC TONS),FutOnly,cftc_cocoa_selected_history_2009_2026
2017-08-22,073732,COCOA - ICE FUTURES U.S.,241773,35540,86197,24116,(CONTRACTS OF 10 METRIC TONS),FutOnly,cftc_cocoa_selected_history_2009_2026
2017-08-29,073732,COCOA - ICE FUTURES U.S.,247682,36500,86275,24971,(CONTRACTS OF 10 METRIC TONS),FutOnly,cftc_cocoa_selected_history_2009_2026
2017-09-05,073732,COCOA - ICE FUTURES U.S.,248497,37671,87541,27774,(CONTRACTS OF 10 METRIC TONS),FutOnly,cftc_cocoa_selected_history_2009_2026
2017-09-12,073732,COCOA - ICE FUTURES U.S.,261699,39895,88331,30470,(CONTRACTS OF 10 METRIC TONS),FutOnly,cftc_cocoa_selected_history_2009_2026
2017-09-19,073732,COCOA - ICE FUTURES U.S.,261183,39459,79936,31414,(CONTRACTS OF 10 METRIC TONS),FutOnly,cftc_cocoa_selected_history_2009_2026
2017-09-26,073732,COCOA - ICE FUTURES U.S.,257041,38658,73524,25557,(CONTRACTS OF 10 METRIC TONS),FutOnly,cftc_cocoa_selected_history_2009_2026
2017-10-03,073732,COCOA - ICE FUTURES U.S.,254019,40720,66572,22920,(CONTRACTS OF 10 METRIC TONS),FutOnly,cftc_cocoa_selected_history_2009_2026
2017-10-10,073732,COCOA - ICE FUTURES U.S.,247572,42397,64105,17918,(CONTRACTS OF 10 METRIC TONS),FutOnly,cftc_cocoa_selected_history_2009_2026
2017-10-17,073732,COCOA - ICE FUTURES U.S.,250176,43592,62158,15213,(CONTRACTS OF 10 METRIC TONS),FutOnly,cftc_cocoa_selected_history_2009_2026
2017-10-24,073732,COCOA - ICE FUTURES U.S.,258702,45240,54751,18015,(CONTRACTS OF 10 METRIC TONS),FutOnly,cftc_cocoa_selected_history_2009_2026
2017-10-31,073732,COCOA - ICE FUTURES U.S.,265717,44785,51085,17379,(CONTRACTS OF 10 METRIC TONS),FutOnly,cftc_cocoa_selected_history_2009_2026
2017-11-07,073732,COCOA - ICE FUTURES U.S.,251036,46909,50434,17075,(CONTRACTS OF 10 METRIC TONS),FutOnly,cftc_cocoa_selected_history_2009_2026
2017-11-14,073732,COCOA - ICE FUTURES U.S.,237019,51809,43638,18297,(CONTRACTS OF 10 METRIC TONS),FutOnly,cftc_cocoa_selected_history_2009_2026
2017-11-21,073732,COCOA - ICE FUTURES U.S.,231020,47708,42071,17519,(CONTRACTS OF 10 METRIC TONS),FutOnly,cftc_cocoa_selected_history_2009_2026
2017-11-28,073732,COCOA - ICE FUTURES U.S.,234387,44991,42223,18781,(CONTRACTS OF 10 METRIC TONS),FutOnly,cftc_cocoa_selected_history_2009_2026
2017-12-05,073732,COCOA - ICE FUTURES U.S.,238986,43238,49396,17868,(CONTRACTS OF 10 METRIC TONS),FutOnly,cftc_cocoa_selected_history_2009_2026
2017-12-12,073732,COCOA - ICE FUTURES U.S.,248515,41647,65524,15771,(CONTRACTS OF 10 METRIC TONS),FutOnly,cftc_cocoa_selected_history_2009_2026
2017-12-19,073732,COCOA - ICE FUTURES U.S.,256443,43335,69864,18048,(CONTRACTS OF 10 METRIC TONS),FutOnly,cftc_cocoa_selected_history_2009_2026
2017-12-26,073732,COCOA - ICE FUTURES U.S.,264746,45780,74745,17810,(CONTRACTS OF 10 METRIC TONS),FutOnly,cftc_cocoa_selected_history_2009_2026
2018-01-02,073732,COCOA - ICE FUTURES U.S.,271718,47281,71879,21122,(CONTRACTS OF 10 METRIC TONS),FutOnly,cftc_cocoa_selected_history_2009_2026
2018-01-09,073732,COCOA - ICE FUTURES U.S.,277776,45293,72577,22102,(CONTRACTS OF 10 METRIC TONS),FutOnly,cftc_cocoa_selected_history_2009_2026
2018-01-16,073732,COCOA - ICE FUTURES U.S.,279141,44662,72852,23536,(CONTRACTS OF 10 METRIC TONS),FutOnly,cftc_cocoa_selected_history_2009_2026
2018-01-23,073732,COCOA - ICE FUTURES U.S.,272891,44077,62092,23627,(CONTRACTS OF 10 METRIC TONS),FutOnly,cftc_cocoa_selected_history_2009_2026
2018-01-30,073732,COCOA - ICE FUTURES U.S.,284351,47013,56543,28458,(CONTRACTS OF 10 METRIC TONS),FutOnly,cftc_cocoa_selected_history_2009_2026
2018-02-06,073732,COCOA - ICE FUTURES U.S.,269041,51392,44515,26129,(CONTRACTS OF 10 METRIC TONS),FutOnly,cftc_cocoa_selected_history_2009_2026
2018-02-13,073732,COCOA - ICE FUTURES U.S.,254458,52183,42182,23654,(CONTRACTS OF 10 METRIC TONS),FutOnly,cftc_cocoa_selected_history_2009_2026
2018-02-20,073732,COCOA - ICE FUTURES U.S.,259703,57382,36965,23611,(CONTRACTS OF 10 METRIC TONS),FutOnly,cftc_cocoa_selected_history_2009_2026
2018-02-27,073732,COCOA - ICE FUTURES U.S.,263687,62226,35891,24669,(CONTRACTS OF 10 METRIC TONS),FutOnly,cftc_cocoa_selected_history_2009_2026
2018-03-06,073732,COCOA - ICE FUTURES U.S.,284461,68434,36883,34459,(CONTRACTS OF 10 METRIC TONS),FutOnly,cftc_cocoa_selected_history_2009_2026
2018-03-13,073732,COCOA - ICE FUTURES U.S.,300766,77163,37820,35546,(CONTRACTS OF 10 METRIC TONS),FutOnly,cftc_cocoa_selected_history_2009_2026
2018-03-20,073732,COCOA - ICE FUTURES U.S.,302484,79360,37868,34970,(CONTRACTS OF 10 METRIC TONS),FutOnly,cftc_cocoa_selected_history_2009_2026
2018-03-27,073732,COCOA - ICE FUTURES U.S.,304154,81376,37393,35467,(CONTRACTS OF 10 METRIC TONS),FutOnly,cftc_cocoa_selected_history_2009_2026
2018-04-03,073732,COCOA - ICE FUTURES U.S.,299390,81108,36747,35753,(CONTRACTS OF 10 METRIC TONS),FutOnly,cftc_cocoa_selected_history_2009_2026
2018-04-10,073732,COCOA - ICE FUTURES U.S.,283927,85747,36975,26057,(CONTRACTS OF 10 METRIC TONS),FutOnly,cftc_cocoa_selected_history_2009_2026
2018-04-17,073732,COCOA - ICE FUTURES U.S.,279728,88278,37378,32001,(CONTRACTS OF 10 METRIC TONS),FutOnly,cftc_cocoa_selected_history_2009_2026
2018-04-24,073732,COCOA - ICE FUTURES U.S.,291420,93768,37567,35780,(CONTRACTS OF 10 METRIC TONS),FutOnly,cftc_cocoa_selected_history_2009_2026
2018-05-01,073732,COCOA - ICE FUTURES U.S.,308518,102139,43438,40814,(CONTRACTS OF 10 METRIC TONS),FutOnly,cftc_cocoa_selected_history_2009_2026
2018-05-08,073732,COCOA - ICE FUTURES U.S.,305213,100560,42676,42164,(CONTRACTS OF 10 METRIC TONS),FutOnly,cftc_cocoa_selected_history_2009_2026
2018-05-15,073732,COCOA - ICE FUTURES U.S.,305050,98671,38814,42783,(CONTRACTS OF 10 METRIC TONS),FutOnly,cftc_cocoa_selected_history_2009_2026
2018-05-22,073732,COCOA - ICE FUTURES U.S.,301227,91057,32441,38374,(CONTRACTS OF 10 METRIC TONS),FutOnly,cftc_cocoa_selected_history_2009_2026
2018-05-29,073732,COCOA - ICE FUTURES U.S.,305547,86706,31053,36931,(CONTRACTS OF 10 METRIC TONS),FutOnly,cftc_cocoa_selected_history_2009_2026
2018-06-05,073732,COCOA - ICE FUTURES U.S.,299350,75656,30987,35275,(CONTRACTS OF 10 METRIC TONS),FutOnly,cftc_cocoa_selected_history_2009_2026
2018-06-12,073732,COCOA - ICE FUTURES U.S.,255203,67516,31872,17475,(CONTRACTS OF 10 METRIC TONS),FutOnly,cftc_cocoa_selected_history_2009_2026
2018-06-19,073732,COCOA - ICE FUTURES U.S.,250403,63630,29767,17654,(CONTRACTS OF 10 METRIC TONS),FutOnly,cftc_cocoa_selected_history_2009_2026
2018-06-26,073732,COCOA - ICE FUTURES U.S.,258863,63279,28359,20367,(CONTRACTS OF 10 METRIC TONS),FutOnly,cftc_cocoa_selected_history_2009_2026
2018-07-03,073732,COCOA - ICE FUTURES U.S.,253171,60775,26521,21094,(CONTRACTS OF 10 METRIC TONS),FutOnly,cftc_cocoa_selected_history_2009_2026
2018-07-10,073732,COCOA - ICE FUTURES U.S.,251394,59920,26457,20514,(CONTRACTS OF 10 METRIC TONS),FutOnly,cftc_cocoa_selected_history_2009_2026
2018-07-17,073732,COCOA - ICE FUTURES U.S.,249246,58826,28253,19409,(CONTRACTS OF 10 METRIC TONS),FutOnly,cftc_cocoa_selected_history_2009_2026
2018-07-24,073732,COCOA - ICE FUTURES U.S.,241461,53701,32060,17905,(CONTRACTS OF 10 METRIC TONS),FutOnly,cftc_cocoa_selected_history_2009_2026
2018-07-31,073732,COCOA - ICE FUTURES U.S.,249361,50341,40616,20528,(CONTRACTS OF 10 METRIC TONS),FutOnly,cftc_cocoa_selected_history_2009_2026
2018-08-07,073732,COCOA - ICE FUTURES U.S.,251029,42468,45261,30844,(CONTRACTS OF 10 METRIC TONS),FutOnly,cftc_cocoa_selected_history_2009_2026
2018-08-14,073732,COCOA - ICE FUTURES U.S.,239176,44658,56793,24797,(CONTRACTS OF 10 METRIC TONS),FutOnly,cftc_cocoa_selected_history_2009_2026
2018-08-21,073732,COCOA - ICE FUTURES U.S.,236725,49580,60495,24281,(CONTRACTS OF 10 METRIC TONS),FutOnly,cftc_cocoa_selected_history_2009_2026
2018-08-28,073732,COCOA - ICE FUTURES U.S.,237608,51702,59026,25025,(CONTRACTS OF 10 METRIC TONS),FutOnly,cftc_cocoa_selected_history_2009_2026
2018-09-04,073732,COCOA - ICE FUTURES U.S.,240378,52806,59573,24045,(CONTRACTS OF 10 METRIC TONS),FutOnly,cftc_cocoa_selected_history_2009_2026
2018-09-11,073732,COCOA - ICE FUTURES U.S.,240583,53607,57057,24493,(CONTRACTS OF 10 METRIC TONS),FutOnly,cftc_cocoa_selected_history_2009_2026
2018-09-18,073732,COCOA - ICE FUTURES U.S.,240324,49470,60241,22673,(CONTRACTS OF 10 METRIC TONS),FutOnly,cftc_cocoa_selected_history_2009_2026
2018-09-25,073732,COCOA - ICE FUTURES U.S.,244746,49264,65952,24783,(CONTRACTS OF 10 METRIC TONS),FutOnly,cftc_cocoa_selected_history_2009_2026
2018-10-02,073732,COCOA - ICE FUTURES U.S.,265888,47122,79988,27998,(CONTRACTS OF 10 METRIC TONS),FutOnly,cftc_cocoa_selected_history_2009_2026
2018-10-09,073732,COCOA - ICE FUTURES U.S.,267952,46470,89888,31980,(CONTRACTS OF 10 METRIC TONS),FutOnly,cftc_cocoa_selected_history_2009_2026
2018-10-16,073732,COCOA - ICE FUTURES U.S.,265889,44482,84019,32611,(CONTRACTS OF 10 METRIC TONS),FutOnly,cftc_cocoa_selected_history_2009_2026
2018-10-23,073732,COCOA - ICE FUTURES U.S.,257793,43167,80750,27759,(CONTRACTS OF 10 METRIC TONS),FutOnly,cftc_cocoa_selected_history_2009_2026
2018-10-30,073732,COCOA - ICE FUTURES U.S.,260609,43521,76753,27238,(CONTRACTS OF 10 METRIC TONS),FutOnly,cftc_cocoa_selected_history_2009_2026
2018-11-06,073732,COCOA - ICE FUTURES U.S.,259654,45419,60497,24571,(CONTRACTS OF 10 METRIC TONS),FutOnly,cftc_cocoa_selected_history_2009_2026
2018-11-13,073732,COCOA - ICE FUTURES U.S.,239006,45638,58513,11803,(CONTRACTS OF 10 METRIC TONS),FutOnly,cftc_cocoa_selected_history_2009_2026
2018-11-20,073732,COCOA - ICE FUTURES U.S.,228987,43529,55674,15486,(CONTRACTS OF 10 METRIC TONS),FutOnly,cftc_cocoa_selected_history_2009_2026
2018-11-27,073732,COCOA - ICE FUTURES U.S.,234348,41149,55945,21673,(CONTRACTS OF 10 METRIC TONS),FutOnly,cftc_cocoa_selected_history_2009_2026
2018-12-04,073732,COCOA - ICE FUTURES U.S.,235692,46774,56064,24278,(CONTRACTS OF 10 METRIC TONS),FutOnly,cftc_cocoa_selected_history_2009_2026
2018-12-11,073732,COCOA - ICE FUTURES U.S.,236098,47620,59308,25520,(CONTRACTS OF 10 METRIC TONS),FutOnly,cftc_cocoa_selected_history_2009_2026
2018-12-18,073732,COCOA - ICE FUTURES U.S.,235588,51508,53196,24572,(CONTRACTS OF 10 METRIC TONS),FutOnly,cftc_cocoa_selected_history_2009_2026
2018-12-24,073732,COCOA - ICE FUTURES U.S.,230525,49426,49570,21239,(CONTRACTS OF 10 METRIC TONS),FutOnly,cftc_cocoa_selected_history_2009_2026
2018-12-31,073732,COCOA - ICE FUTURES U.S.,240253,51352,40190,22359,(CONTRACTS OF 10 METRIC TONS),FutOnly,cftc_cocoa_selected_history_2009_2026
2019-01-08,073732,COCOA - ICE FUTURES U.S.,251408,54176,36613,24968,(CONTRACTS OF 10 METRIC TONS),FutOnly,cftc_cocoa_selected_history_2009_2026
2019-01-15,073732,COCOA - ICE FUTURES U.S.,256550,52562,36443,24774,(CONTRACTS OF 10 METRIC TONS),FutOnly,cftc_cocoa_selected_history_2009_2026
2019-01-22,073732,COCOA - ICE FUTURES U.S.,253112,50097,37355,25703,(CONTRACTS OF 10 METRIC TONS),FutOnly,cftc_cocoa_selected_history_2009_2026
2019-01-29,073732,COCOA - ICE FUTURES U.S.,252722,47855,36429,28231,(CONTRACTS OF 10 METRIC TONS),FutOnly,cftc_cocoa_selected_history_2009_2026
2019-02-05,073732,COCOA - ICE FUTURES U.S.,247778,41863,42532,28584,(CONTRACTS OF 10 METRIC TONS),FutOnly,cftc_cocoa_selected_history_2009_2026
2019-02-12,073732,COCOA - ICE FUTURES U.S.,236266,43582,48736,26958,(CONTRACTS OF 10 METRIC TONS),FutOnly,cftc_cocoa_selected_history_2009_2026
2019-02-19,073732,COCOA - ICE FUTURES U.S.,231187,45560,46830,26774,(CONTRACTS OF 10 METRIC TONS),FutOnly,cftc_cocoa_selected_history_2009_2026
2019-02-26,073732,COCOA - ICE FUTURES U.S.,228265,40843,49050,21823,(CONTRACTS OF 10 METRIC TONS),FutOnly,cftc_cocoa_selected_history_2009_2026
2019-03-05,073732,COCOA - ICE FUTURES U.S.,244590,35909,58261,30391,(CONTRACTS OF 10 METRIC TONS),FutOnly,cftc_cocoa_selected_history_2009_2026
2019-03-12,073732,COCOA - ICE FUTURES U.S.,253566,35487,66673,31770,(CONTRACTS OF 10 METRIC TONS),FutOnly,cftc_cocoa_selected_history_2009_2026
2019-03-19,073732,COCOA - ICE FUTURES U.S.,259078,34640,70326,39217,(CONTRACTS OF 10 METRIC TONS),FutOnly,cftc_cocoa_selected_history_2009_2026
2019-03-26,073732,COCOA - ICE FUTURES U.S.,264653,34851,76395,38389,(CONTRACTS OF 10 METRIC TONS),FutOnly,cftc_cocoa_selected_history_2009_2026
2019-04-02,073732,COCOA - ICE FUTURES U.S.,252224,36354,65878,30344,(CONTRACTS OF 10 METRIC TONS),FutOnly,cftc_cocoa_selected_history_2009_2026
2019-04-09,073732,COCOA - ICE FUTURES U.S.,246052,44123,49296,32534,(CONTRACTS OF 10 METRIC TONS),FutOnly,cftc_cocoa_selected_history_2009_2026
2019-04-16,073732,COCOA - ICE FUTURES U.S.,241621,42798,47812,35453,(CONTRACTS OF 10 METRIC TONS),FutOnly,cftc_cocoa_selected_history_2009_2026
2019-04-23,073732,COCOA - ICE FUTURES U.S.,243793,39646,49938,37041,(CONTRACTS OF 10 METRIC TONS),FutOnly,cftc_cocoa_selected_history_2009_2026
2019-04-30,073732,COCOA - ICE FUTURES U.S.,238263,37573,49442,33439,(CONTRACTS OF 10 METRIC TONS),FutOnly,cftc_cocoa_selected_history_2009_2026
2019-05-07,073732,COCOA - ICE FUTURES U.S.,247756,37064,47788,36901,(CONTRACTS OF 10 METRIC TONS),FutOnly,cftc_cocoa_selected_history_2009_2026
2019-05-14,073732,COCOA - ICE FUTURES U.S.,245452,37915,42652,35015,(CONTRACTS OF 10 METRIC TONS),FutOnly,cftc_cocoa_selected_history_2009_2026
2019-05-21,073732,COCOA - ICE FUTURES U.S.,250428,46775,36190,35372,(CONTRACTS OF 10 METRIC TONS),FutOnly,cftc_cocoa_selected_history_2009_2026
2019-05-28,073732,COCOA - ICE FUTURES U.S.,265302,56346,35159,38742,(CONTRACTS OF 10 METRIC TONS),FutOnly,cftc_cocoa_selected_history_2009_2026
2019-06-04,073732,COCOA - ICE FUTURES U.S.,266249,54092,35911,36044,(CONTRACTS OF 10 METRIC TONS),FutOnly,cftc_cocoa_selected_history_2009_2026
2019-06-11,073732,COCOA - ICE FUTURES U.S.,265209,62718,30958,39616,(CONTRACTS OF 10 METRIC TONS),FutOnly,cftc_cocoa_selected_history_2009_2026
2019-06-18,073732,COCOA - ICE FUTURES U.S.,264232,68022,30116,41283,(CONTRACTS OF 10 METRIC TONS),FutOnly,cftc_cocoa_selected_history_2009_2026
2019-06-25,073732,COCOA - ICE FUTURES U.S.,266659,70557,30234,38762,(CONTRACTS OF 10 METRIC TONS),FutOnly,cftc_cocoa_selected_history_2009_2026
2019-07-02,073732,COCOA - ICE FUTURES U.S.,269419,69371,29578,38990,(CONTRACTS OF 10 METRIC TONS),FutOnly,cftc_cocoa_selected_history_2009_2026
2019-07-09,073732,COCOA - ICE FUTURES U.S.,281530,74006,26661,38987,(CONTRACTS OF 10 METRIC TONS),FutOnly,cftc_cocoa_selected_history_2009_2026
2019-07-16,073732,COCOA - ICE FUTURES U.S.,284240,67751,29022,37854,(CONTRACTS OF 10 METRIC TONS),FutOnly,cftc_cocoa_selected_history_2009_2026
2019-07-23,073732,COCOA - ICE FUTURES U.S.,287243,70069,26278,37731,(CONTRACTS OF 10 METRIC TONS),FutOnly,cftc_cocoa_selected_history_2009_2026
2019-07-30,073732,COCOA - ICE FUTURES U.S.,279882,64910,27209,37616,(CONTRACTS OF 10 METRIC TONS),FutOnly,cftc_cocoa_selected_history_2009_2026
2019-08-06,073732,COCOA - ICE FUTURES U.S.,261796,49627,31071,34464,(CONTRACTS OF 10 METRIC TONS),FutOnly,cftc_cocoa_selected_history_2009_2026
2019-08-13,073732,COCOA - ICE FUTURES U.S.,265265,37150,42175,35800,(CONTRACTS OF 10 METRIC TONS),FutOnly,cftc_cocoa_selected_history_2009_2026
2019-08-20,073732,COCOA - ICE FUTURES U.S.,260526,32224,56770,36320,(CONTRACTS OF 10 METRIC TONS),FutOnly,cftc_cocoa_selected_history_2009_2026
2019-08-27,073732,COCOA - ICE FUTURES U.S.,270141,33975,63331,40953,(CONTRACTS OF 10 METRIC TONS),FutOnly,cftc_cocoa_selected_history_2009_2026
2019-09-03,073732,COCOA - ICE FUTURES U.S.,275878,35481,70149,39615,(CONTRACTS OF 10 METRIC TONS),FutOnly,cftc_cocoa_selected_history_2009_2026
2019-09-10,073732,COCOA - ICE FUTURES U.S.,280072,37270,72336,37934,(CONTRACTS OF 10 METRIC TONS),FutOnly,cftc_cocoa_selected_history_2009_2026
2019-09-17,073732,COCOA - ICE FUTURES U.S.,270401,41879,59844,32911,(CONTRACTS OF 10 METRIC TONS),FutOnly,cftc_cocoa_selected_history_2009_2026
2019-09-24,073732,COCOA - ICE FUTURES U.S.,292472,44312,41815,46100,(CONTRACTS OF 10 METRIC TONS),FutOnly,cftc_cocoa_selected_history_2009_2026
2019-10-01,073732,COCOA - ICE FUTURES U.S.,304738,57863,36322,48164,(CONTRACTS OF 10 METRIC TONS),FutOnly,cftc_cocoa_selected_history_2009_2026
2019-10-08,073732,COCOA - ICE FUTURES U.S.,303802,58464,34814,47889,(CONTRACTS OF 10 METRIC TONS),FutOnly,cftc_cocoa_selected_history_2009_2026
2019-10-15,073732,COCOA - ICE FUTURES U.S.,302935,59167,32095,48100,(CONTRACTS OF 10 METRIC TONS),FutOnly,cftc_cocoa_selected_history_2009_2026
2019-10-22,073732,COCOA - ICE FUTURES U.S.,302220,60491,33608,48601,(CONTRACTS OF 10 METRIC TONS),FutOnly,cftc_cocoa_selected_history_2009_2026
2019-10-29,073732,COCOA - ICE FUTURES U.S.,307895,64354,34726,47730,(CONTRACTS OF 10 METRIC TONS),FutOnly,cftc_cocoa_selected_history_2009_2026
2019-11-05,073732,COCOA - ICE FUTURES U.S.,312190,71040,37245,49867,(CONTRACTS OF 10 METRIC TONS),FutOnly,cftc_cocoa_selected_history_2009_2026
2019-11-12,073732,COCOA - ICE FUTURES U.S.,309351,78694,32989,52691,(CONTRACTS OF 10 METRIC TONS),FutOnly,cftc_cocoa_selected_history_2009_2026
2019-11-19,073732,COCOA - ICE FUTURES U.S.,322845,93068,31329,58393,(CONTRACTS OF 10 METRIC TONS),FutOnly,cftc_cocoa_selected_history_2009_2026
2019-11-26,073732,COCOA - ICE FUTURES U.S.,327398,100312,33540,61397,(CONTRACTS OF 10 METRIC TONS),FutOnly,cftc_cocoa_selected_history_2009_2026
2019-12-03,073732,COCOA - ICE FUTURES U.S.,322897,97057,33561,61147,(CONTRACTS OF 10 METRIC TONS),FutOnly,cftc_cocoa_selected_history_2009_2026
2019-12-10,073732,COCOA - ICE FUTURES U.S.,331868,97051,34821,63540,(CONTRACTS OF 10 METRIC TONS),FutOnly,cftc_cocoa_selected_history_2009_2026
2019-12-17,073732,COCOA - ICE FUTURES U.S.,324713,97761,37877,62380,(CONTRACTS OF 10 METRIC TONS),FutOnly,cftc_cocoa_selected_history_2009_2026
2019-12-24,073732,COCOA - ICE FUTURES U.S.,288731,75750,37995,52511,(CONTRACTS OF 10 METRIC TONS),FutOnly,cftc_cocoa_selected_history_2009_2026
2019-12-31,073732,COCOA - ICE FUTURES U.S.,281569,71093,35980,50304,(CONTRACTS OF 10 METRIC TONS),FutOnly,cftc_cocoa_selected_history_2009_2026
2020-01-07,073732,COCOA - ICE FUTURES U.S.,285602,73331,36125,50445,(CONTRACTS OF 10 METRIC TONS),FutOnly,cftc_cocoa_selected_history_2009_2026
2020-01-14,073732,COCOA - ICE FUTURES U.S.,290208,75169,35548,52141,(CONTRACTS OF 10 METRIC TONS),FutOnly,cftc_cocoa_selected_history_2009_2026
2020-01-21,073732,COCOA - ICE FUTURES U.S.,324470,92724,37652,60853,(CONTRACTS OF 10 METRIC TONS),FutOnly,cftc_cocoa_selected_history_2009_2026
2020-01-28,073732,COCOA - ICE FUTURES U.S.,340187,101827,37930,66951,(CONTRACTS OF 10 METRIC TONS),FutOnly,cftc_cocoa_selected_history_2009_2026
2020-02-04,073732,COCOA - ICE FUTURES U.S.,347313,107084,39378,66095,(CONTRACTS OF 10 METRIC TONS),FutOnly,cftc_cocoa_selected_history_2009_2026
2020-02-11,073732,COCOA - ICE FUTURES U.S.,346682,114822,38487,65836,(CONTRACTS OF 10 METRIC TONS),FutOnly,cftc_cocoa_selected_history_2009_2026
2020-02-18,073732,COCOA - ICE FUTURES U.S.,344225,120045,41587,67301,(CONTRACTS OF 10 METRIC TONS),FutOnly,cftc_cocoa_selected_history_2009_2026
2020-02-25,073732,COCOA - ICE FUTURES U.S.,344931,121264,42115,67589,(CONTRACTS OF 10 METRIC TONS),FutOnly,cftc_cocoa_selected_history_2009_2026
2020-03-03,073732,COCOA - ICE FUTURES U.S.,331028,110700,40024,65083,(CONTRACTS OF 10 METRIC TONS),FutOnly,cftc_cocoa_selected_history_2009_2026
2020-03-10,073732,COCOA - ICE FUTURES U.S.,303958,90999,37686,56568,(CONTRACTS OF 10 METRIC TONS),FutOnly,cftc_cocoa_selected_history_2009_2026
2020-03-17,073732,COCOA - ICE FUTURES U.S.,271341,51718,34513,40779,(CONTRACTS OF 10 METRIC TONS),FutOnly,cftc_cocoa_selected_history_2009_2026
2020-03-24,073732,COCOA - ICE FUTURES U.S.,243212,34130,33735,29222,(CONTRACTS OF 10 METRIC TONS),FutOnly,cftc_cocoa_selected_history_2009_2026
2020-03-31,073732,COCOA - ICE FUTURES U.S.,235796,27975,37986,23106,(CONTRACTS OF 10 METRIC TONS),FutOnly,cftc_cocoa_selected_history_2009_2026
2020-04-07,073732,COCOA - ICE FUTURES U.S.,214059,29838,38912,16409,(CONTRACTS OF 10 METRIC TONS),FutOnly,cftc_cocoa_selected_history_2009_2026
2020-04-14,073732,COCOA - ICE FUTURES U.S.,208203,26711,39648,16389,(CONTRACTS OF 10 METRIC TONS),FutOnly,cftc_cocoa_selected_history_2009_2026
2020-04-21,073732,COCOA - ICE FUTURES U.S.,208549,29168,39245,13567,(CONTRACTS OF 10 METRIC TONS),FutOnly,cftc_cocoa_selected_history_2009_2026
2020-04-28,073732,COCOA - ICE FUTURES U.S.,213423,30607,42098,12980,(CONTRACTS OF 10 METRIC TONS),FutOnly,cftc_cocoa_selected_history_2009_2026
2020-05-05,073732,COCOA - ICE FUTURES U.S.,215841,33450,41952,13895,(CONTRACTS OF 10 METRIC TONS),FutOnly,cftc_cocoa_selected_history_2009_2026
2020-05-12,073732,COCOA - ICE FUTURES U.S.,221426,35319,41440,18568,(CONTRACTS OF 10 METRIC TONS),FutOnly,cftc_cocoa_selected_history_2009_2026
2020-05-19,073732,COCOA - ICE FUTURES U.S.,228572,34606,40671,24279,(CONTRACTS OF 10 METRIC TONS),FutOnly,cftc_cocoa_selected_history_2009_2026
2020-05-26,073732,COCOA - ICE FUTURES U.S.,230282,31191,38762,25767,(CONTRACTS OF 10 METRIC TONS),FutOnly,cftc_cocoa_selected_history_2009_2026
2020-06-02,073732,COCOA - ICE FUTURES U.S.,238810,36267,37321,28038,(CONTRACTS OF 10 METRIC TONS),FutOnly,cftc_cocoa_selected_history_2009_2026
2020-06-09,073732,COCOA - ICE FUTURES U.S.,223462,35525,37316,27588,(CONTRACTS OF 10 METRIC TONS),FutOnly,cftc_cocoa_selected_history_2009_2026
2020-06-16,073732,COCOA - ICE FUTURES U.S.,207600,32926,39796,27965,(CONTRACTS OF 10 METRIC TONS),FutOnly,cftc_cocoa_selected_history_2009_2026
2020-06-23,073732,COCOA - ICE FUTURES U.S.,209141,31965,42168,27970,(CONTRACTS OF 10 METRIC TONS),FutOnly,cftc_cocoa_selected_history_2009_2026
2020-06-30,073732,COCOA - ICE FUTURES U.S.,217524,31393,41862,27250,(CONTRACTS OF 10 METRIC TONS),FutOnly,cftc_cocoa_selected_history_2009_2026
2020-07-07,073732,COCOA - ICE FUTURES U.S.,221776,29823,50001,26916,(CONTRACTS OF 10 METRIC TONS),FutOnly,cftc_cocoa_selected_history_2009_2026
2020-07-14,073732,COCOA - ICE FUTURES U.S.,224995,32120,59338,26672,(CONTRACTS OF 10 METRIC TONS),FutOnly,cftc_cocoa_selected_history_2009_2026
2020-07-21,073732,COCOA - ICE FUTURES U.S.,227709,32992,60375,26561,(CONTRACTS OF 10 METRIC TONS),FutOnly,cftc_cocoa_selected_history_2009_2026
2020-07-28,073732,COCOA - ICE FUTURES U.S.,225281,36155,53136,26448,(CONTRACTS OF 10 METRIC TONS),FutOnly,cftc_cocoa_selected_history_2009_2026
2020-08-04,073732,COCOA - ICE FUTURES U.S.,225539,41124,33652,26304,(CONTRACTS OF 10 METRIC TONS),FutOnly,cftc_cocoa_selected_history_2009_2026
2020-08-11,073732,COCOA - ICE FUTURES U.S.,209339,43722,25650,17855,(CONTRACTS OF 10 METRIC TONS),FutOnly,cftc_cocoa_selected_history_2009_2026
2020-08-18,073732,COCOA - ICE FUTURES U.S.,199818,46988,25537,14871,(CONTRACTS OF 10 METRIC TONS),FutOnly,cftc_cocoa_selected_history_2009_2026
2020-08-25,073732,COCOA - ICE FUTURES U.S.,203771,50317,26874,15942,(CONTRACTS OF 10 METRIC TONS),FutOnly,cftc_cocoa_selected_history_2009_2026
2020-09-01,073732,COCOA - ICE FUTURES U.S.,213471,60221,24789,16755,(CONTRACTS OF 10 METRIC TONS),FutOnly,cftc_cocoa_selected_history_2009_2026
2020-09-08,073732,COCOA - ICE FUTURES U.S.,213598,62076,25939,18916,(CONTRACTS OF 10 METRIC TONS),FutOnly,cftc_cocoa_selected_history_2009_2026
2020-09-15,073732,COCOA - ICE FUTURES U.S.,221593,68595,26276,21704,(CONTRACTS OF 10 METRIC TONS),FutOnly,cftc_cocoa_selected_history_2009_2026
2020-09-22,073732,COCOA - ICE FUTURES U.S.,224559,64203,28655,24476,(CONTRACTS OF 10 METRIC TONS),FutOnly,cftc_cocoa_selected_history_2009_2026
2020-09-29,073732,COCOA - ICE FUTURES U.S.,226908,64914,25924,25512,(CONTRACTS OF 10 METRIC TONS),FutOnly,cftc_cocoa_selected_history_2009_2026
2020-10-06,073732,COCOA - ICE FUTURES U.S.,218593,55785,25854,26270,(CONTRACTS OF 10 METRIC TONS),FutOnly,cftc_cocoa_selected_history_2009_2026
2020-10-13,073732,COCOA - ICE FUTURES U.S.,213796,46004,26314,26289,(CONTRACTS OF 10 METRIC TONS),FutOnly,cftc_cocoa_selected_history_2009_2026
2020-10-20,073732,COCOA - ICE FUTURES U.S.,207737,38804,26951,26138,(CONTRACTS OF 10 METRIC TONS),FutOnly,cftc_cocoa_selected_history_2009_2026
2020-10-27,073732,COCOA - ICE FUTURES U.S.,203964,37412,22928,25085,(CONTRACTS OF 10 METRIC TONS),FutOnly,cftc_cocoa_selected_history_2009_2026
2020-11-03,073732,COCOA - ICE FUTURES U.S.,201324,29570,29885,28122,(CONTRACTS OF 10 METRIC TONS),FutOnly,cftc_cocoa_selected_history_2009_2026
2020-11-10,073732,COCOA - ICE FUTURES U.S.,182718,30241,30709,24115,(CONTRACTS OF 10 METRIC TONS),FutOnly,cftc_cocoa_selected_history_2009_2026
2020-11-17,073732,COCOA - ICE FUTURES U.S.,180466,33620,27025,25326,(CONTRACTS OF 10 METRIC TONS),FutOnly,cftc_cocoa_selected_history_2009_2026
2020-11-24,073732,COCOA - ICE FUTURES U.S.,202165,51107,20357,32273,(CONTRACTS OF 10 METRIC TONS),FutOnly,cftc_cocoa_selected_history_2009_2026
2020-12-01,073732,COCOA - ICE FUTURES U.S.,207044,58110,21433,33972,(CONTRACTS OF 10 METRIC TONS),FutOnly,cftc_cocoa_selected_history_2009_2026
2020-12-08,073732,COCOA - ICE FUTURES U.S.,210162,56297,22248,34059,(CONTRACTS OF 10 METRIC TONS),FutOnly,cftc_cocoa_selected_history_2009_2026
2020-12-15,073732,COCOA - ICE FUTURES U.S.,215822,56552,22464,33332,(CONTRACTS OF 10 METRIC TONS),FutOnly,cftc_cocoa_selected_history_2009_2026
2020-12-21,073732,COCOA - ICE FUTURES U.S.,217307,52479,23820,32909,(CONTRACTS OF 10 METRIC TONS),FutOnly,cftc_cocoa_selected_history_2009_2026
2020-12-29,073732,COCOA - ICE FUTURES U.S.,219139,51566,24294,32091,(CONTRACTS OF 10 METRIC TONS),FutOnly,cftc_cocoa_selected_history_2009_2026
2021-01-05,073732,COCOA - ICE FUTURES U.S.,223489,51084,23898,32960,(CONTRACTS OF 10 METRIC TONS),FutOnly,cftc_cocoa_selected_history_2009_2026
2021-01-12,073732,COCOA - ICE FUTURES U.S.,220663,48472,22144,31836,(CONTRACTS OF 10 METRIC TONS),FutOnly,cftc_cocoa_selected_history_2009_2026
2021-01-19,073732,COCOA - ICE FUTURES U.S.,224471,48385,22226,31983,(CONTRACTS OF 10 METRIC TONS),FutOnly,cftc_cocoa_selected_history_2009_2026
2021-01-26,073732,COCOA - ICE FUTURES U.S.,229846,46452,25054,32903,(CONTRACTS OF 10 METRIC TONS),FutOnly,cftc_cocoa_selected_history_2009_2026
2021-02-02,073732,COCOA - ICE FUTURES U.S.,231768,49437,27213,29674,(CONTRACTS OF 10 METRIC TONS),FutOnly,cftc_cocoa_selected_history_2009_2026
2021-02-09,073732,COCOA - ICE FUTURES U.S.,211149,48320,29856,27200,(CONTRACTS OF 10 METRIC TONS),FutOnly,cftc_cocoa_selected_history_2009_2026
2021-02-16,073732,COCOA - ICE FUTURES U.S.,209030,47263,32891,28255,(CONTRACTS OF 10 METRIC TONS),FutOnly,cftc_cocoa_selected_history_2009_2026
2021-02-23,073732,COCOA - ICE FUTURES U.S.,208471,45729,30300,28506,(CONTRACTS OF 10 METRIC TONS),FutOnly,cftc_cocoa_selected_history_2009_2026
2021-03-02,073732,COCOA - ICE FUTURES U.S.,206316,53905,24241,26827,(CONTRACTS OF 10 METRIC TONS),FutOnly,cftc_cocoa_selected_history_2009_2026
2021-03-09,073732,COCOA - ICE FUTURES U.S.,199776,57984,23123,24743,(CONTRACTS OF 10 METRIC TONS),FutOnly,cftc_cocoa_selected_history_2009_2026
2021-03-16,073732,COCOA - ICE FUTURES U.S.,203160,56957,22319,25618,(CONTRACTS OF 10 METRIC TONS),FutOnly,cftc_cocoa_selected_history_2009_2026
2021-03-23,073732,COCOA - ICE FUTURES U.S.,200373,54523,23349,23076,(CONTRACTS OF 10 METRIC TONS),FutOnly,cftc_cocoa_selected_history_2009_2026
2021-03-30,073732,COCOA - ICE FUTURES U.S.,192325,45292,30602,17983,(CONTRACTS OF 10 METRIC TONS),FutOnly,cftc_cocoa_selected_history_2009_2026
2021-04-06,073732,COCOA - ICE FUTURES U.S.,189193,39916,26332,21312,(CONTRACTS OF 10 METRIC TONS),FutOnly,cftc_cocoa_selected_history_2009_2026
2021-04-13,073732,COCOA - ICE FUTURES U.S.,195158,39772,23795,28685,(CONTRACTS OF 10 METRIC TONS),FutOnly,cftc_cocoa_selected_history_2009_2026
2021-04-20,073732,COCOA - ICE FUTURES U.S.,196181,38651,23846,25022,(CONTRACTS OF 10 METRIC TONS),FutOnly,cftc_cocoa_selected_history_2009_2026
2021-04-27,073732,COCOA - ICE FUTURES U.S.,195443,39358,26913,22298,(CONTRACTS OF 10 METRIC TONS),FutOnly,cftc_cocoa_selected_history_2009_2026
2021-05-04,073732,COCOA - ICE FUTURES U.S.,203772,36885,37642,23449,(CONTRACTS OF 10 METRIC TONS),FutOnly,cftc_cocoa_selected_history_2009_2026
2021-05-11,073732,COCOA - ICE FUTURES U.S.,201088,39972,31814,24007,(CONTRACTS OF 10 METRIC TONS),FutOnly,cftc_cocoa_selected_history_2009_2026
2021-05-18,073732,COCOA - ICE FUTURES U.S.,201400,40640,22171,25372,(CONTRACTS OF 10 METRIC TONS),FutOnly,cftc_cocoa_selected_history_2009_2026
2021-05-25,073732,COCOA - ICE FUTURES U.S.,205203,36515,27275,27603,(CONTRACTS OF 10 METRIC TONS),FutOnly,cftc_cocoa_selected_history_2009_2026
2021-06-01,073732,COCOA - ICE FUTURES U.S.,209338,38244,26870,25686,(CONTRACTS OF 10 METRIC TONS),FutOnly,cftc_cocoa_selected_history_2009_2026
2021-06-08,073732,COCOA - ICE FUTURES U.S.,210044,39727,30341,26459,(CONTRACTS OF 10 METRIC TONS),FutOnly,cftc_cocoa_selected_history_2009_2026
2021-06-15,073732,COCOA - ICE FUTURES U.S.,215850,42858,34695,24967,(CONTRACTS OF 10 METRIC TONS),FutOnly,cftc_cocoa_selected_history_2009_2026
2021-06-22,073732,COCOA - ICE FUTURES U.S.,224204,41364,38962,28056,(CONTRACTS OF 10 METRIC TONS),FutOnly,cftc_cocoa_selected_history_2009_2026
2021-06-29,073732,COCOA - ICE FUTURES U.S.,236011,42904,44422,31110,(CONTRACTS OF 10 METRIC TONS),FutOnly,cftc_cocoa_selected_history_2009_2026
2021-07-06,073732,COCOA - ICE FUTURES U.S.,246712,40634,52331,32450,(CONTRACTS OF 10 METRIC TONS),FutOnly,cftc_cocoa_selected_history_2009_2026
2021-07-13,073732,COCOA - ICE FUTURES U.S.,252016,44792,51716,31775,(CONTRACTS OF 10 METRIC TONS),FutOnly,cftc_cocoa_selected_history_2009_2026
2021-07-20,073732,COCOA - ICE FUTURES U.S.,263569,39178,62100,34994,(CONTRACTS OF 10 METRIC TONS),FutOnly,cftc_cocoa_selected_history_2009_2026
2021-07-27,073732,COCOA - ICE FUTURES U.S.,265979,44623,60711,34551,(CONTRACTS OF 10 METRIC TONS),FutOnly,cftc_cocoa_selected_history_2009_2026
2021-08-03,073732,COCOA - ICE FUTURES U.S.,258421,40927,55477,30211,(CONTRACTS OF 10 METRIC TONS),FutOnly,cftc_cocoa_selected_history_2009_2026
2021-08-10,073732,COCOA - ICE FUTURES U.S.,231907,45186,50126,21164,(CONTRACTS OF 10 METRIC TONS),FutOnly,cftc_cocoa_selected_history_2009_2026
2021-08-17,073732,COCOA - ICE FUTURES U.S.,220996,53859,29602,12460,(CONTRACTS OF 10 METRIC TONS),FutOnly,cftc_cocoa_selected_history_2009_2026
2021-08-24,073732,COCOA - ICE FUTURES U.S.,222607,50941,30943,14386,(CONTRACTS OF 10 METRIC TONS),FutOnly,cftc_cocoa_selected_history_2009_2026
2021-08-31,073732,COCOA - ICE FUTURES U.S.,226136,46944,32591,12998,(CONTRACTS OF 10 METRIC TONS),FutOnly,cftc_cocoa_selected_history_2009_2026
2021-09-07,073732,COCOA - ICE FUTURES U.S.,230120,48868,31794,15721,(CONTRACTS OF 10 METRIC TONS),FutOnly,cftc_cocoa_selected_history_2009_2026
2021-09-14,073732,COCOA - ICE FUTURES U.S.,231871,51176,34995,17233,(CONTRACTS OF 10 METRIC TONS),FutOnly,cftc_cocoa_selected_history_2009_2026
2021-09-21,073732,COCOA - ICE FUTURES U.S.,238724,51411,38238,18956,(CONTRACTS OF 10 METRIC TONS),FutOnly,cftc_cocoa_selected_history_2009_2026
2021-09-28,073732,COCOA - ICE FUTURES U.S.,232640,46256,36281,19191,(CONTRACTS OF 10 METRIC TONS),FutOnly,cftc_cocoa_selected_history_2009_2026
2021-10-05,073732,COCOA - ICE FUTURES U.S.,251776,58387,27599,26298,(CONTRACTS OF 10 METRIC TONS),FutOnly,cftc_cocoa_selected_history_2009_2026
2021-10-12,073732,COCOA - ICE FUTURES U.S.,255227,57906,31579,28719,(CONTRACTS OF 10 METRIC TONS),FutOnly,cftc_cocoa_selected_history_2009_2026
2021-10-19,073732,COCOA - ICE FUTURES U.S.,249853,46165,40002,27109,(CONTRACTS OF 10 METRIC TONS),FutOnly,cftc_cocoa_selected_history_2009_2026
2021-10-26,073732,COCOA - ICE FUTURES U.S.,245387,41719,37782,31263,(CONTRACTS OF 10 METRIC TONS),FutOnly,cftc_cocoa_selected_history_2009_2026
2021-11-02,073732,COCOA - ICE FUTURES U.S.,252906,40511,39297,30395,(CONTRACTS OF 10 METRIC TONS),FutOnly,cftc_cocoa_selected_history_2009_2026
2021-11-09,073732,COCOA - ICE FUTURES U.S.,238338,36815,55941,19409,(CONTRACTS OF 10 METRIC TONS),FutOnly,cftc_cocoa_selected_history_2009_2026
2021-11-16,073732,COCOA - ICE FUTURES U.S.,233926,43438,53425,21899,(CONTRACTS OF 10 METRIC TONS),FutOnly,cftc_cocoa_selected_history_2009_2026
2021-11-23,073732,COCOA - ICE FUTURES U.S.,236246,46166,43356,22892,(CONTRACTS OF 10 METRIC TONS),FutOnly,cftc_cocoa_selected_history_2009_2026
2021-11-30,073732,COCOA - ICE FUTURES U.S.,247996,41002,64790,24308,(CONTRACTS OF 10 METRIC TONS),FutOnly,cftc_cocoa_selected_history_2009_2026
2021-12-07,073732,COCOA - ICE FUTURES U.S.,241761,42396,66259,23859,(CONTRACTS OF 10 METRIC TONS),FutOnly,cftc_cocoa_selected_history_2009_2026
2021-12-14,073732,COCOA - ICE FUTURES U.S.,235259,42488,59356,24175,(CONTRACTS OF 10 METRIC TONS),FutOnly,cftc_cocoa_selected_history_2009_2026
2021-12-21,073732,COCOA - ICE FUTURES U.S.,233035,40263,54005,23824,(CONTRACTS OF 10 METRIC TONS),FutOnly,cftc_cocoa_selected_history_2009_2026
2021-12-28,073732,COCOA - ICE FUTURES U.S.,233663,40878,51093,24922,(CONTRACTS OF 10 METRIC TONS),FutOnly,cftc_cocoa_selected_history_2009_2026
2022-01-04,073732,COCOA - ICE FUTURES U.S.,233026,37952,46638,22586,(CONTRACTS OF 10 METRIC TONS),FutOnly,cftc_cocoa_selected_history_2009_2026
2022-01-11,073732,COCOA - ICE FUTURES U.S.,233020,40539,39817,22953,(CONTRACTS OF 10 METRIC TONS),FutOnly,cftc_cocoa_selected_history_2009_2026
2022-01-18,073732,COCOA - ICE FUTURES U.S.,241749,48694,28945,25394,(CONTRACTS OF 10 METRIC TONS),FutOnly,cftc_cocoa_selected_history_2009_2026
2022-01-25,073732,COCOA - ICE FUTURES U.S.,250974,51466,33156,28588,(CONTRACTS OF 10 METRIC TONS),FutOnly,cftc_cocoa_selected_history_2009_2026
2022-02-01,073732,COCOA - ICE FUTURES U.S.,240451,45846,31407,25904,(CONTRACTS OF 10 METRIC TONS),FutOnly,cftc_cocoa_selected_history_2009_2026
2022-02-08,073732,COCOA - ICE FUTURES U.S.,250376,60538,27119,25370,(CONTRACTS OF 10 METRIC TONS),FutOnly,cftc_cocoa_selected_history_2009_2026
2022-02-15,073732,COCOA - ICE FUTURES U.S.,260064,69037,27656,27190,(CONTRACTS OF 10 METRIC TONS),FutOnly,cftc_cocoa_selected_history_2009_2026
2022-02-22,073732,COCOA - ICE FUTURES U.S.,256574,64906,32008,24730,(CONTRACTS OF 10 METRIC TONS),FutOnly,cftc_cocoa_selected_history_2009_2026
2022-03-01,073732,COCOA - ICE FUTURES U.S.,252279,55686,40234,24761,(CONTRACTS OF 10 METRIC TONS),FutOnly,cftc_cocoa_selected_history_2009_2026
2022-03-08,073732,COCOA - ICE FUTURES U.S.,243640,55833,31992,21705,(CONTRACTS OF 10 METRIC TONS),FutOnly,cftc_cocoa_selected_history_2009_2026
2022-03-15,073732,COCOA - ICE FUTURES U.S.,240029,56901,30019,16388,(CONTRACTS OF 10 METRIC TONS),FutOnly,cftc_cocoa_selected_history_2009_2026
2022-03-22,073732,COCOA - ICE FUTURES U.S.,246207,56059,33954,19662,(CONTRACTS OF 10 METRIC TONS),FutOnly,cftc_cocoa_selected_history_2009_2026
2022-03-29,073732,COCOA - ICE FUTURES U.S.,241505,57117,26180,18220,(CONTRACTS OF 10 METRIC TONS),FutOnly,cftc_cocoa_selected_history_2009_2026
2022-04-05,073732,COCOA - ICE FUTURES U.S.,234624,56708,27412,19021,(CONTRACTS OF 10 METRIC TONS),FutOnly,cftc_cocoa_selected_history_2009_2026
2022-04-12,073732,COCOA - ICE FUTURES U.S.,239778,59630,27215,20205,(CONTRACTS OF 10 METRIC TONS),FutOnly,cftc_cocoa_selected_history_2009_2026
2022-04-19,073732,COCOA - ICE FUTURES U.S.,240436,59565,32189,19244,(CONTRACTS OF 10 METRIC TONS),FutOnly,cftc_cocoa_selected_history_2009_2026
2022-04-26,073732,COCOA - ICE FUTURES U.S.,250678,63222,51279,18597,(CONTRACTS OF 10 METRIC TONS),FutOnly,cftc_cocoa_selected_history_2009_2026
2022-05-03,073732,COCOA - ICE FUTURES U.S.,255322,64413,41928,22812,(CONTRACTS OF 10 METRIC TONS),FutOnly,cftc_cocoa_selected_history_2009_2026
2022-05-10,073732,COCOA - ICE FUTURES U.S.,281537,62766,58829,28991,(CONTRACTS OF 10 METRIC TONS),FutOnly,cftc_cocoa_selected_history_2009_2026
2022-05-17,073732,COCOA - ICE FUTURES U.S.,291691,60655,61317,32266,(CONTRACTS OF 10 METRIC TONS),FutOnly,cftc_cocoa_selected_history_2009_2026
2022-05-24,073732,COCOA - ICE FUTURES U.S.,297909,60154,73787,32839,(CONTRACTS OF 10 METRIC TONS),FutOnly,cftc_cocoa_selected_history_2009_2026
2022-05-31,073732,COCOA - ICE FUTURES U.S.,305782,62822,75216,37753,(CONTRACTS OF 10 METRIC TONS),FutOnly,cftc_cocoa_selected_history_2009_2026
2022-06-07,073732,COCOA - ICE FUTURES U.S.,286665,65690,68469,29961,(CONTRACTS OF 10 METRIC TONS),FutOnly,cftc_cocoa_selected_history_2009_2026
2022-06-14,073732,COCOA - ICE FUTURES U.S.,312888,63848,85117,33659,(CONTRACTS OF 10 METRIC TONS),FutOnly,cftc_cocoa_selected_history_2009_2026
2022-06-21,073732,COCOA - ICE FUTURES U.S.,309347,66730,82302,36799,(CONTRACTS OF 10 METRIC TONS),FutOnly,cftc_cocoa_selected_history_2009_2026
2022-06-28,073732,COCOA - ICE FUTURES U.S.,303711,65234,76069,36214,(CONTRACTS OF 10 METRIC TONS),FutOnly,cftc_cocoa_selected_history_2009_2026
2022-07-05,073732,COCOA - ICE FUTURES U.S.,315630,63349,93113,32554,(CONTRACTS OF 10 METRIC TONS),FutOnly,cftc_cocoa_selected_history_2009_2026
2022-07-12,073732,COCOA - ICE FUTURES U.S.,307606,60411,87754,31308,(CONTRACTS OF 10 METRIC TONS),FutOnly,cftc_cocoa_selected_history_2009_2026
2022-07-19,073732,COCOA - ICE FUTURES U.S.,309720,58901,87860,33442,(CONTRACTS OF 10 METRIC TONS),FutOnly,cftc_cocoa_selected_history_2009_2026
2022-07-26,073732,COCOA - ICE FUTURES U.S.,313379,60212,85203,35392,(CONTRACTS OF 10 METRIC TONS),FutOnly,cftc_cocoa_selected_history_2009_2026
2022-08-02,073732,COCOA - ICE FUTURES U.S.,315995,57218,90134,36454,(CONTRACTS OF 10 METRIC TONS),FutOnly,cftc_cocoa_selected_history_2009_2026
2022-08-09,073732,COCOA - ICE FUTURES U.S.,310066,58251,92118,29491,(CONTRACTS OF 10 METRIC TONS),FutOnly,cftc_cocoa_selected_history_2009_2026
2022-08-16,073732,COCOA - ICE FUTURES U.S.,300186,55091,86112,28707,(CONTRACTS OF 10 METRIC TONS),FutOnly,cftc_cocoa_selected_history_2009_2026
2022-08-23,073732,COCOA - ICE FUTURES U.S.,293511,53603,85456,28345,(CONTRACTS OF 10 METRIC TONS),FutOnly,cftc_cocoa_selected_history_2009_2026
2022-08-30,073732,COCOA - ICE FUTURES U.S.,289932,59099,79538,28429,(CONTRACTS OF 10 METRIC TONS),FutOnly,cftc_cocoa_selected_history_2009_2026
2022-09-06,073732,COCOA - ICE FUTURES U.S.,291453,55132,81246,29334,(CONTRACTS OF 10 METRIC TONS),FutOnly,cftc_cocoa_selected_history_2009_2026
2022-09-13,073732,COCOA - ICE FUTURES U.S.,301193,57554,96327,29537,(CONTRACTS OF 10 METRIC TONS),FutOnly,cftc_cocoa_selected_history_2009_2026
2022-09-20,073732,COCOA - ICE FUTURES U.S.,299182,56167,95337,29979,(CONTRACTS OF 10 METRIC TONS),FutOnly,cftc_cocoa_selected_history_2009_2026
2022-09-27,073732,COCOA - ICE FUTURES U.S.,313221,55168,103190,34995,(CONTRACTS OF 10 METRIC TONS),FutOnly,cftc_cocoa_selected_history_2009_2026
2022-10-04,073732,COCOA - ICE FUTURES U.S.,315413,59888,96024,37970,(CONTRACTS OF 10 METRIC TONS),FutOnly,cftc_cocoa_selected_history_2009_2026
2022-10-11,073732,COCOA - ICE FUTURES U.S.,298653,57423,76723,34300,(CONTRACTS OF 10 METRIC TONS),FutOnly,cftc_cocoa_selected_history_2009_2026
2022-10-18,073732,COCOA - ICE FUTURES U.S.,303055,54645,79434,29561,(CONTRACTS OF 10 METRIC TONS),FutOnly,cftc_cocoa_selected_history_2009_2026
2022-10-25,073732,COCOA - ICE FUTURES U.S.,307496,50331,92045,32735,(CONTRACTS OF 10 METRIC TONS),FutOnly,cftc_cocoa_selected_history_2009_2026
2022-11-01,073732,COCOA - ICE FUTURES U.S.,315275,49888,96458,37140,(CONTRACTS OF 10 METRIC TONS),FutOnly,cftc_cocoa_selected_history_2009_2026
2022-11-08,073732,COCOA - ICE FUTURES U.S.,282464,59169,73283,25825,(CONTRACTS OF 10 METRIC TONS),FutOnly,cftc_cocoa_selected_history_2009_2026
2022-11-15,073732,COCOA - ICE FUTURES U.S.,263407,56885,51683,24762,(CONTRACTS OF 10 METRIC TONS),FutOnly,cftc_cocoa_selected_history_2009_2026
2022-11-22,073732,COCOA - ICE FUTURES U.S.,254685,51260,61432,26681,(CONTRACTS OF 10 METRIC TONS),FutOnly,cftc_cocoa_selected_history_2009_2026
2022-11-29,073732,COCOA - ICE FUTURES U.S.,259408,51059,62552,26077,(CONTRACTS OF 10 METRIC TONS),FutOnly,cftc_cocoa_selected_history_2009_2026
2022-12-06,073732,COCOA - ICE FUTURES U.S.,258297,54525,58421,24293,(CONTRACTS OF 10 METRIC TONS),FutOnly,cftc_cocoa_selected_history_2009_2026
2022-12-13,073732,COCOA - ICE FUTURES U.S.,266142,59236,55555,26941,(CONTRACTS OF 10 METRIC TONS),FutOnly,cftc_cocoa_selected_history_2009_2026
2022-12-20,073732,COCOA - ICE FUTURES U.S.,268712,56770,55213,29935,(CONTRACTS OF 10 METRIC TONS),FutOnly,cftc_cocoa_selected_history_2009_2026
2022-12-27,073732,COCOA - ICE FUTURES U.S.,270382,69374,48313,31465,(CONTRACTS OF 10 METRIC TONS),FutOnly,cftc_cocoa_selected_history_2009_2026
2023-01-03,073732,COCOA - ICE FUTURES U.S.,280306,67822,50818,33527,(CONTRACTS OF 10 METRIC TONS),FutOnly,cftc_cocoa_selected_history_2009_2026
2023-01-10,073732,COCOA - ICE FUTURES U.S.,297723,74310,57362,34230,(CONTRACTS OF 10 METRIC TONS),FutOnly,cftc_cocoa_selected_history_2009_2026
2023-01-17,073732,COCOA - ICE FUTURES U.S.,304077,74570,59852,32958,(CONTRACTS OF 10 METRIC TONS),FutOnly,cftc_cocoa_selected_history_2009_2026
2023-01-24,073732,COCOA - ICE FUTURES U.S.,292813,62613,58109,33484,(CONTRACTS OF 10 METRIC TONS),FutOnly,cftc_cocoa_selected_history_2009_2026
2023-01-31,073732,COCOA - ICE FUTURES U.S.,301395,65880,59789,30047,(CONTRACTS OF 10 METRIC TONS),FutOnly,cftc_cocoa_selected_history_2009_2026
2023-02-07,073732,COCOA - ICE FUTURES U.S.,282937,56287,53874,27429,(CONTRACTS OF 10 METRIC TONS),FutOnly,cftc_cocoa_selected_history_2009_2026
2023-02-14,073732,COCOA - ICE FUTURES U.S.,283889,59895,46089,26978,(CONTRACTS OF 10 METRIC TONS),FutOnly,cftc_cocoa_selected_history_2009_2026
2023-02-21,073732,COCOA - ICE FUTURES U.S.,295436,82098,48123,29669,(CONTRACTS OF 10 METRIC TONS),FutOnly,cftc_cocoa_selected_history_2009_2026
2023-02-28,073732,COCOA - ICE FUTURES U.S.,327508,98497,52479,35343,(CONTRACTS OF 10 METRIC TONS),FutOnly,cftc_cocoa_selected_history_2009_2026
2023-03-07,073732,COCOA - ICE FUTURES U.S.,345258,103257,58664,39893,(CONTRACTS OF 10 METRIC TONS),FutOnly,cftc_cocoa_selected_history_2009_2026
2023-03-14,073732,COCOA - ICE FUTURES U.S.,352933,80525,64264,48008,(CONTRACTS OF 10 METRIC TONS),FutOnly,cftc_cocoa_selected_history_2009_2026
2023-03-21,073732,COCOA - ICE FUTURES U.S.,345038,71848,51389,54746,(CONTRACTS OF 10 METRIC TONS),FutOnly,cftc_cocoa_selected_history_2009_2026
2023-03-28,073732,COCOA - ICE FUTURES U.S.,374056,100820,49663,61714,(CONTRACTS OF 10 METRIC TONS),FutOnly,cftc_cocoa_selected_history_2009_2026
2023-04-04,073732,COCOA - ICE FUTURES U.S.,402799,107449,55157,69362,(CONTRACTS OF 10 METRIC TONS),FutOnly,cftc_cocoa_selected_history_2009_2026
2023-04-11,073732,COCOA - ICE FUTURES U.S.,347811,107584,55422,53541,(CONTRACTS OF 10 METRIC TONS),FutOnly,cftc_cocoa_selected_history_2009_2026
2023-04-18,073732,COCOA - ICE FUTURES U.S.,330245,114689,60985,48184,(CONTRACTS OF 10 METRIC TONS),FutOnly,cftc_cocoa_selected_history_2009_2026
2023-04-25,073732,COCOA - ICE FUTURES U.S.,320649,117423,63860,44423,(CONTRACTS OF 10 METRIC TONS),FutOnly,cftc_cocoa_selected_history_2009_2026
2023-05-02,073732,COCOA - ICE FUTURES U.S.,322896,114166,64441,48127,(CONTRACTS OF 10 METRIC TONS),FutOnly,cftc_cocoa_selected_history_2009_2026
2023-05-09,073732,COCOA - ICE FUTURES U.S.,327241,111859,61767,51327,(CONTRACTS OF 10 METRIC TONS),FutOnly,cftc_cocoa_selected_history_2009_2026
2023-05-16,073732,COCOA - ICE FUTURES U.S.,332743,114262,63267,54882,(CONTRACTS OF 10 METRIC TONS),FutOnly,cftc_cocoa_selected_history_2009_2026
2023-05-23,073732,COCOA - ICE FUTURES U.S.,335710,118016,65128,52659,(CONTRACTS OF 10 METRIC TONS),FutOnly,cftc_cocoa_selected_history_2009_2026
2023-05-30,073732,COCOA - ICE FUTURES U.S.,338613,117116,65583,52187,(CONTRACTS OF 10 METRIC TONS),FutOnly,cftc_cocoa_selected_history_2009_2026
2023-06-06,073732,COCOA - ICE FUTURES U.S.,335729,121476,65065,47681,(CONTRACTS OF 10 METRIC TONS),FutOnly,cftc_cocoa_selected_history_2009_2026
2023-06-13,073732,COCOA - ICE FUTURES U.S.,333044,134596,62507,51974,(CONTRACTS OF 10 METRIC TONS),FutOnly,cftc_cocoa_selected_history_2009_2026
2023-06-20,073732,COCOA - ICE FUTURES U.S.,340925,133936,66952,51344,(CONTRACTS OF 10 METRIC TONS),FutOnly,cftc_cocoa_selected_history_2009_2026
2023-06-27,073732,COCOA - ICE FUTURES U.S.,339832,132585,62509,54790,(CONTRACTS OF 10 METRIC TONS),FutOnly,cftc_cocoa_selected_history_2009_2026
2023-07-03,073732,COCOA - ICE FUTURES U.S.,345656,131797,57301,60567,(CONTRACTS OF 10 METRIC TONS),FutOnly,cftc_cocoa_selected_history_2009_2026
2023-07-11,073732,COCOA - ICE FUTURES U.S.,349927,126128,54766,67252,(CONTRACTS OF 10 METRIC TONS),FutOnly,cftc_cocoa_selected_history_2009_2026
2023-07-18,073732,COCOA - ICE FUTURES U.S.,353658,125264,51730,67688,(CONTRACTS OF 10 METRIC TONS),FutOnly,cftc_cocoa_selected_history_2009_2026
2023-07-25,073732,COCOA - ICE FUTURES U.S.,358382,128238,49915,68947,(CONTRACTS OF 10 METRIC TONS),FutOnly,cftc_cocoa_selected_history_2009_2026
2023-08-01,073732,COCOA - ICE FUTURES U.S.,350955,127556,48449,60853,(CONTRACTS OF 10 METRIC TONS),FutOnly,cftc_cocoa_selected_history_2009_2026
2023-08-08,073732,COCOA - ICE FUTURES U.S.,295612,114525,45539,45722,(CONTRACTS OF 10 METRIC TONS),FutOnly,cftc_cocoa_selected_history_2009_2026
2023-08-15,073732,COCOA - ICE FUTURES U.S.,274314,104687,38101,36661,(CONTRACTS OF 10 METRIC TONS),FutOnly,cftc_cocoa_selected_history_2009_2026
2023-08-22,073732,COCOA - ICE FUTURES U.S.,274285,107063,39541,32749,(CONTRACTS OF 10 METRIC TONS),FutOnly,cftc_cocoa_selected_history_2009_2026
2023-08-29,073732,COCOA - ICE FUTURES U.S.,288077,110236,36699,37408,(CONTRACTS OF 10 METRIC TONS),FutOnly,cftc_cocoa_selected_history_2009_2026
2023-09-05,073732,COCOA - ICE FUTURES U.S.,290190,113364,38021,41802,(CONTRACTS OF 10 METRIC TONS),FutOnly,cftc_cocoa_selected_history_2009_2026
2023-09-12,073732,COCOA - ICE FUTURES U.S.,297544,115214,38640,47885,(CONTRACTS OF 10 METRIC TONS),FutOnly,cftc_cocoa_selected_history_2009_2026
2023-09-19,073732,COCOA - ICE FUTURES U.S.,297122,115338,37067,53362,(CONTRACTS OF 10 METRIC TONS),FutOnly,cftc_cocoa_selected_history_2009_2026
2023-09-26,073732,COCOA - ICE FUTURES U.S.,293573,107108,40083,50657,(CONTRACTS OF 10 METRIC TONS),FutOnly,cftc_cocoa_selected_history_2009_2026
2023-10-03,073732,COCOA - ICE FUTURES U.S.,284276,94384,38000,49384,(CONTRACTS OF 10 METRIC TONS),FutOnly,cftc_cocoa_selected_history_2009_2026
2023-10-10,073732,COCOA - ICE FUTURES U.S.,281553,89345,36331,50757,(CONTRACTS OF 10 METRIC TONS),FutOnly,cftc_cocoa_selected_history_2009_2026
2023-10-17,073732,COCOA - ICE FUTURES U.S.,284934,95336,34652,53519,(CONTRACTS OF 10 METRIC TONS),FutOnly,cftc_cocoa_selected_history_2009_2026
2023-10-24,073732,COCOA - ICE FUTURES U.S.,312256,106310,36145,56637,(CONTRACTS OF 10 METRIC TONS),FutOnly,cftc_cocoa_selected_history_2009_2026
2023-10-31,073732,COCOA - ICE FUTURES U.S.,309716,109999,40540,51006,(CONTRACTS OF 10 METRIC TONS),FutOnly,cftc_cocoa_selected_history_2009_2026
2023-11-07,073732,COCOA - ICE FUTURES U.S.,308201,114282,37453,46038,(CONTRACTS OF 10 METRIC TONS),FutOnly,cftc_cocoa_selected_history_2009_2026
2023-11-14,073732,COCOA - ICE FUTURES U.S.,298572,113176,36606,43111,(CONTRACTS OF 10 METRIC TONS),FutOnly,cftc_cocoa_selected_history_2009_2026
2023-11-21,073732,COCOA - ICE FUTURES U.S.,278680,113773,35209,42356,(CONTRACTS OF 10 METRIC TONS),FutOnly,cftc_cocoa_selected_history_2009_2026
2023-11-28,073732,COCOA - ICE FUTURES U.S.,286199,114684,37565,44494,(CONTRACTS OF 10 METRIC TONS),FutOnly,cftc_cocoa_selected_history_2009_2026
2023-12-05,073732,COCOA - ICE FUTURES U.S.,281714,107189,36160,42822,(CONTRACTS OF 10 METRIC TONS),FutOnly,cftc_cocoa_selected_history_2009_2026
2023-12-12,073732,COCOA - ICE FUTURES U.S.,292284,104903,32984,46324,(CONTRACTS OF 10 METRIC TONS),FutOnly,cftc_cocoa_selected_history_2009_2026
2023-12-19,073732,COCOA - ICE FUTURES U.S.,295201,104384,31203,52789,(CONTRACTS OF 10 METRIC TONS),FutOnly,cftc_cocoa_selected_history_2009_2026
2023-12-26,073732,COCOA - ICE FUTURES U.S.,302302,102962,31370,58511,(CONTRACTS OF 10 METRIC TONS),FutOnly,cftc_cocoa_selected_history_2009_2026
2024-01-02,073732,COCOA - ICE FUTURES U.S.,313986,105199,31808,64498,(CONTRACTS OF 10 METRIC TONS),FutOnly,cftc_cocoa_selected_history_2009_2026
2024-01-09,073732,COCOA - ICE FUTURES U.S.,318120,101617,31356,63614,(CONTRACTS OF 10 METRIC TONS),FutOnly,cftc_cocoa_selected_history_2009_2026
2024-01-16,073732,COCOA - ICE FUTURES U.S.,325589,108064,33399,65081,(CONTRACTS OF 10 METRIC TONS),FutOnly,cftc_cocoa_selected_history_2009_2026
2024-01-23,073732,COCOA - ICE FUTURES U.S.,333669,117258,34686,62309,(CONTRACTS OF 10 METRIC TONS),FutOnly,cftc_cocoa_selected_history_2009_2026
2024-01-30,073732,COCOA - ICE FUTURES U.S.,327215,110326,33095,62037,(CONTRACTS OF 10 METRIC TONS),FutOnly,cftc_cocoa_selected_history_2009_2026
2024-02-06,073732,COCOA - ICE FUTURES U.S.,317683,101988,32469,60452,(CONTRACTS OF 10 METRIC TONS),FutOnly,cftc_cocoa_selected_history_2009_2026
2024-02-13,073732,COCOA - ICE FUTURES U.S.,271605,82618,26401,48854,(CONTRACTS OF 10 METRIC TONS),FutOnly,cftc_cocoa_selected_history_2009_2026
2024-02-20,073732,COCOA - ICE FUTURES U.S.,250109,78033,25678,44218,(CONTRACTS OF 10 METRIC TONS),FutOnly,cftc_cocoa_selected_history_2009_2026
2024-02-27,073732,COCOA - ICE FUTURES U.S.,220865,68877,23765,37182,(CONTRACTS OF 10 METRIC TONS),FutOnly,cftc_cocoa_selected_history_2009_2026
2024-03-05,073732,COCOA - ICE FUTURES U.S.,207303,65774,22730,35465,(CONTRACTS OF 10 METRIC TONS),FutOnly,cftc_cocoa_selected_history_2009_2026
2024-03-12,073732,COCOA - ICE FUTURES U.S.,210691,65262,23948,36975,(CONTRACTS OF 10 METRIC TONS),FutOnly,cftc_cocoa_selected_history_2009_2026
2024-03-19,073732,COCOA - ICE FUTURES U.S.,207168,56302,22145,36509,(CONTRACTS OF 10 METRIC TONS),FutOnly,cftc_cocoa_selected_history_2009_2026
2024-03-26,073732,COCOA - ICE FUTURES U.S.,201309,51445,20139,31968,(CONTRACTS OF 10 METRIC TONS),FutOnly,cftc_cocoa_selected_history_2009_2026
2024-04-02,073732,COCOA - ICE FUTURES U.S.,184072,43014,17506,29541,(CONTRACTS OF 10 METRIC TONS),FutOnly,cftc_cocoa_selected_history_2009_2026
2024-04-09,073732,COCOA - ICE FUTURES U.S.,165569,41483,16088,26911,(CONTRACTS OF 10 METRIC TONS),FutOnly,cftc_cocoa_selected_history_2009_2026
2024-04-16,073732,COCOA - ICE FUTURES U.S.,159325,36584,16410,28586,(CONTRACTS OF 10 METRIC TONS),FutOnly,cftc_cocoa_selected_history_2009_2026
2024-04-23,073732,COCOA - ICE FUTURES U.S.,152895,34999,17487,28543,(CONTRACTS OF 10 METRIC TONS),FutOnly,cftc_cocoa_selected_history_2009_2026
2024-04-30,073732,COCOA - ICE FUTURES U.S.,152039,34542,14347,30354,(CONTRACTS OF 10 METRIC TONS),FutOnly,cftc_cocoa_selected_history_2009_2026
2024-05-07,073732,COCOA - ICE FUTURES U.S.,147634,33217,11713,27593,(CONTRACTS OF 10 METRIC TONS),FutOnly,cftc_cocoa_selected_history_2009_2026
2024-05-14,073732,COCOA - ICE FUTURES U.S.,146340,33226,11351,25859,(CONTRACTS OF 10 METRIC TONS),FutOnly,cftc_cocoa_selected_history_2009_2026
2024-05-21,073732,COCOA - ICE FUTURES U.S.,147365,33174,10639,24116,(CONTRACTS OF 10 METRIC TONS),FutOnly,cftc_cocoa_selected_history_2009_2026
2024-05-28,073732,COCOA - ICE FUTURES U.S.,152919,35146,9713,24402,(CONTRACTS OF 10 METRIC TONS),FutOnly,cftc_cocoa_selected_history_2009_2026
2024-06-04,073732,COCOA - ICE FUTURES U.S.,155918,36454,8817,25159,(CONTRACTS OF 10 METRIC TONS),FutOnly,cftc_cocoa_selected_history_2009_2026
2024-06-11,073732,COCOA - ICE FUTURES U.S.,141332,34801,7520,21927,(CONTRACTS OF 10 METRIC TONS),FutOnly,cftc_cocoa_selected_history_2009_2026
2024-06-18,073732,COCOA - ICE FUTURES U.S.,137684,36045,9511,21423,(CONTRACTS OF 10 METRIC TONS),FutOnly,cftc_cocoa_selected_history_2009_2026
2024-06-25,073732,COCOA - ICE FUTURES U.S.,134640,32576,9477,21304,(CONTRACTS OF 10 METRIC TONS),FutOnly,cftc_cocoa_selected_history_2009_2026
2024-07-02,073732,COCOA - ICE FUTURES U.S.,135205,31190,9151,23428,(CONTRACTS OF 10 METRIC TONS),FutOnly,cftc_cocoa_selected_history_2009_2026
2024-07-09,073732,COCOA - ICE FUTURES U.S.,138433,32873,9933,24578,(CONTRACTS OF 10 METRIC TONS),FutOnly,cftc_cocoa_selected_history_2009_2026
2024-07-16,073732,COCOA - ICE FUTURES U.S.,137803,35307,11236,23411,(CONTRACTS OF 10 METRIC TONS),FutOnly,cftc_cocoa_selected_history_2009_2026
2024-07-23,073732,COCOA - ICE FUTURES U.S.,139449,37199,11224,23055,(CONTRACTS OF 10 METRIC TONS),FutOnly,cftc_cocoa_selected_history_2009_2026
2024-07-30,073732,COCOA - ICE FUTURES U.S.,140283,37704,11977,23497,(CONTRACTS OF 10 METRIC TONS),FutOnly,cftc_cocoa_selected_history_2009_2026
2024-08-06,073732,COCOA - ICE FUTURES U.S.,137261,40192,12418,18897,(CONTRACTS OF 10 METRIC TONS),FutOnly,cftc_cocoa_selected_history_2009_2026
2024-08-13,073732,COCOA - ICE FUTURES U.S.,134930,42312,12011,19535,(CONTRACTS OF 10 METRIC TONS),FutOnly,cftc_cocoa_selected_history_2009_2026
2024-08-20,073732,COCOA - ICE FUTURES U.S.,133444,44134,12698,20196,(CONTRACTS OF 10 METRIC TONS),FutOnly,cftc_cocoa_selected_history_2009_2026
2024-08-27,073732,COCOA - ICE FUTURES U.S.,138677,45986,12719,20169,(CONTRACTS OF 10 METRIC TONS),FutOnly,cftc_cocoa_selected_history_2009_2026
2024-09-03,073732,COCOA - ICE FUTURES U.S.,138428,45127,13102,20447,(CONTRACTS OF 10 METRIC TONS),FutOnly,cftc_cocoa_selected_history_2009_2026
2024-09-10,073732,COCOA - ICE FUTURES U.S.,138537,42625,10916,20572,(CONTRACTS OF 10 METRIC TONS),FutOnly,cftc_cocoa_selected_history_2009_2026
2024-09-17,073732,COCOA - ICE FUTURES U.S.,143433,44865,9510,20665,(CONTRACTS OF 10 METRIC TONS),FutOnly,cftc_cocoa_selected_history_2009_2026
2024-09-24,073732,COCOA - ICE FUTURES U.S.,147665,47000,8996,21235,(CONTRACTS OF 10 METRIC TONS),FutOnly,cftc_cocoa_selected_history_2009_2026
2024-10-01,073732,COCOA - ICE FUTURES U.S.,148224,48061,8085,22692,(CONTRACTS OF 10 METRIC TONS),FutOnly,cftc_cocoa_selected_history_2009_2026
2024-10-08,073732,COCOA - ICE FUTURES U.S.,137394,45681,7561,20098,(CONTRACTS OF 10 METRIC TONS),FutOnly,cftc_cocoa_selected_history_2009_2026
2024-10-15,073732,COCOA - ICE FUTURES U.S.,142634,47892,7038,16768,(CONTRACTS OF 10 METRIC TONS),FutOnly,cftc_cocoa_selected_history_2009_2026
2024-10-22,073732,COCOA - ICE FUTURES U.S.,140267,45164,6550,14688,(CONTRACTS OF 10 METRIC TONS),FutOnly,cftc_cocoa_selected_history_2009_2026
2024-10-29,073732,COCOA - ICE FUTURES U.S.,131389,43285,7702,9428,(CONTRACTS OF 10 METRIC TONS),FutOnly,cftc_cocoa_selected_history_2009_2026
2024-11-05,073732,COCOA - ICE FUTURES U.S.,125901,41810,8457,8168,(CONTRACTS OF 10 METRIC TONS),FutOnly,cftc_cocoa_selected_history_2009_2026
2024-11-12,073732,COCOA - ICE FUTURES U.S.,122337,43051,8319,8586,(CONTRACTS OF 10 METRIC TONS),FutOnly,cftc_cocoa_selected_history_2009_2026
2024-11-19,073732,COCOA - ICE FUTURES U.S.,129440,46352,8332,8530,(CONTRACTS OF 10 METRIC TONS),FutOnly,cftc_cocoa_selected_history_2009_2026
2024-11-26,073732,COCOA - ICE FUTURES U.S.,130183,48940,7587,9121,(CONTRACTS OF 10 METRIC TONS),FutOnly,cftc_cocoa_selected_history_2009_2026
2024-12-03,073732,COCOA - ICE FUTURES U.S.,130235,47839,7448,10988,(CONTRACTS OF 10 METRIC TONS),FutOnly,cftc_cocoa_selected_history_2009_2026
2024-12-10,073732,COCOA - ICE FUTURES U.S.,129117,45215,6962,10861,(CONTRACTS OF 10 METRIC TONS),FutOnly,cftc_cocoa_selected_history_2009_2026
2024-12-17,073732,COCOA - ICE FUTURES U.S.,127978,42712,7086,11528,(CONTRACTS OF 10 METRIC TONS),FutOnly,cftc_cocoa_selected_history_2009_2026
2024-12-24,073732,COCOA - ICE FUTURES U.S.,125355,42772,5705,9513,(CONTRACTS OF 10 METRIC TONS),FutOnly,cftc_cocoa_selected_history_2009_2026
2024-12-31,073732,COCOA - ICE FUTURES U.S.,125977,43659,5569,8927,(CONTRACTS OF 10 METRIC TONS),FutOnly,cftc_cocoa_selected_history_2009_2026
2025-01-07,073732,COCOA - ICE FUTURES U.S.,126583,41176,6038,9949,(CONTRACTS OF 10 METRIC TONS),FutOnly,cftc_cocoa_selected_history_2009_2026
2025-01-14,073732,COCOA - ICE FUTURES U.S.,124919,41033,5535,9616,(CONTRACTS OF 10 METRIC TONS),FutOnly,cftc_cocoa_selected_history_2009_2026
2025-01-21,073732,COCOA - ICE FUTURES U.S.,124343,40745,5223,9229,(CONTRACTS OF 10 METRIC TONS),FutOnly,cftc_cocoa_selected_history_2009_2026
2025-01-28,073732,COCOA - ICE FUTURES U.S.,123384,39607,5256,10375,(CONTRACTS OF 10 METRIC TONS),FutOnly,cftc_cocoa_selected_history_2009_2026
2025-02-04,073732,COCOA - ICE FUTURES U.S.,128423,37087,5115,14371,(CONTRACTS OF 10 METRIC TONS),FutOnly,cftc_cocoa_selected_history_2009_2026
2025-02-11,073732,COCOA - ICE FUTURES U.S.,121018,34790,4982,13238,(CONTRACTS OF 10 METRIC TONS),FutOnly,cftc_cocoa_selected_history_2009_2026
2025-02-18,073732,COCOA - ICE FUTURES U.S.,115974,34312,4738,13750,(CONTRACTS OF 10 METRIC TONS),FutOnly,cftc_cocoa_selected_history_2009_2026
2025-02-25,073732,COCOA - ICE FUTURES U.S.,108662,23351,4885,14438,(CONTRACTS OF 10 METRIC TONS),FutOnly,cftc_cocoa_selected_history_2009_2026
2025-03-04,073732,COCOA - ICE FUTURES U.S.,101302,20766,4467,14472,(CONTRACTS OF 10 METRIC TONS),FutOnly,cftc_cocoa_selected_history_2009_2026
2025-03-11,073732,COCOA - ICE FUTURES U.S.,104926,19491,3758,14106,(CONTRACTS OF 10 METRIC TONS),FutOnly,cftc_cocoa_selected_history_2009_2026
2025-03-18,073732,COCOA - ICE FUTURES U.S.,104840,19661,5035,12593,(CONTRACTS OF 10 METRIC TONS),FutOnly,cftc_cocoa_selected_history_2009_2026
2025-03-25,073732,COCOA - ICE FUTURES U.S.,103546,19658,4318,11227,(CONTRACTS OF 10 METRIC TONS),FutOnly,cftc_cocoa_selected_history_2009_2026
2025-04-01,073732,COCOA - ICE FUTURES U.S.,109183,21179,3937,11593,(CONTRACTS OF 10 METRIC TONS),FutOnly,cftc_cocoa_selected_history_2009_2026
2025-04-08,073732,COCOA - ICE FUTURES U.S.,95581,20346,3180,12093,(CONTRACTS OF 10 METRIC TONS),FutOnly,cftc_cocoa_selected_history_2009_2026
2025-04-15,073732,COCOA - ICE FUTURES U.S.,90046,16119,3500,10700,(CONTRACTS OF 10 METRIC TONS),FutOnly,cftc_cocoa_selected_history_2009_2026
2025-04-22,073732,COCOA - ICE FUTURES U.S.,86919,18110,4177,11223,(CONTRACTS OF 10 METRIC TONS),FutOnly,cftc_cocoa_selected_history_2009_2026
2025-04-29,073732,COCOA - ICE FUTURES U.S.,89727,19939,4676,11767,(CONTRACTS OF 10 METRIC TONS),FutOnly,cftc_cocoa_selected_history_2009_2026
2025-05-06,073732,COCOA - ICE FUTURES U.S.,90835,19653,4843,11858,(CONTRACTS OF 10 METRIC TONS),FutOnly,cftc_cocoa_selected_history_2009_2026
2025-05-13,073732,COCOA - ICE FUTURES U.S.,96891,23141,4275,11335,(CONTRACTS OF 10 METRIC TONS),FutOnly,cftc_cocoa_selected_history_2009_2026
2025-05-20,073732,COCOA - ICE FUTURES U.S.,104424,27868,5799,12571,(CONTRACTS OF 10 METRIC TONS),FutOnly,cftc_cocoa_selected_history_2009_2026
2025-05-27,073732,COCOA - ICE FUTURES U.S.,101488,25375,6278,12497,(CONTRACTS OF 10 METRIC TONS),FutOnly,cftc_cocoa_selected_history_2009_2026
2025-06-03,073732,COCOA - ICE FUTURES U.S.,100231,22644,6470,12943,(CONTRACTS OF 10 METRIC TONS),FutOnly,cftc_cocoa_selected_history_2009_2026
2025-06-10,073732,COCOA - ICE FUTURES U.S.,100052,23674,7266,11478,(CONTRACTS OF 10 METRIC TONS),FutOnly,cftc_cocoa_selected_history_2009_2026
2025-06-17,073732,COCOA - ICE FUTURES U.S.,89437,24601,7130,11305,(CONTRACTS OF 10 METRIC TONS),FutOnly,cftc_cocoa_selected_history_2009_2026
2025-06-24,073732,COCOA - ICE FUTURES U.S.,88225,21832,7211,11728,(CONTRACTS OF 10 METRIC TONS),FutOnly,cftc_cocoa_selected_history_2009_2026
2025-07-01,073732,COCOA - ICE FUTURES U.S.,88382,22080,6838,11640,(CONTRACTS OF 10 METRIC TONS),FutOnly,cftc_cocoa_selected_history_2009_2026
2025-07-08,073732,COCOA - ICE FUTURES U.S.,92353,20083,6852,11864,(CONTRACTS OF 10 METRIC TONS),FutOnly,cftc_cocoa_selected_history_2009_2026
2025-07-15,073732,COCOA - ICE FUTURES U.S.,95996,19058,7201,11777,(CONTRACTS OF 10 METRIC TONS),FutOnly,cftc_cocoa_selected_history_2009_2026
2025-07-22,073732,COCOA - ICE FUTURES U.S.,93203,16395,7342,12757,(CONTRACTS OF 10 METRIC TONS),FutOnly,cftc_cocoa_selected_history_2009_2026
2025-07-29,073732,COCOA - ICE FUTURES U.S.,93823,17702,6904,12245,(CONTRACTS OF 10 METRIC TONS),FutOnly,cftc_cocoa_selected_history_2009_2026
2025-08-05,073732,COCOA - ICE FUTURES U.S.,95061,18166,7029,11855,(CONTRACTS OF 10 METRIC TONS),FutOnly,cftc_cocoa_selected_history_2009_2026
2025-08-12,073732,COCOA - ICE FUTURES U.S.,97776,20765,6469,11329,(CONTRACTS OF 10 METRIC TONS),FutOnly,cftc_cocoa_selected_history_2009_2026
2025-08-19,073732,COCOA - ICE FUTURES U.S.,92010,20805,7256,10377,(CONTRACTS OF 10 METRIC TONS),FutOnly,cftc_cocoa_selected_history_2009_2026
2025-08-26,073732,COCOA - ICE FUTURES U.S.,89678,19128,8375,7121,(CONTRACTS OF 10 METRIC TONS),FutOnly,cftc_cocoa_selected_history_2009_2026
2025-09-02,073732,COCOA - ICE FUTURES U.S.,90201,18611,8908,7395,(CONTRACTS OF 10 METRIC TONS),FutOnly,cftc_cocoa_selected_history_2009_2026
2025-09-09,073732,COCOA - ICE FUTURES U.S.,93806,17362,8752,8582,(CONTRACTS OF 10 METRIC TONS),FutOnly,cftc_cocoa_selected_history_2009_2026
2025-09-16,073732,COCOA - ICE FUTURES U.S.,96954,16986,8638,10099,(CONTRACTS OF 10 METRIC TONS),FutOnly,cftc_cocoa_selected_history_2009_2026
2025-09-23,073732,COCOA - ICE FUTURES U.S.,103388,16957,10105,11564,(CONTRACTS OF 10 METRIC TONS),FutOnly,cftc_cocoa_selected_history_2009_2026
2025-09-30,073732,COCOA - ICE FUTURES U.S.,113029,16981,10359,15413,(CONTRACTS OF 10 METRIC TONS),FutOnly,cftc_cocoa_selected_history_2009_2026
2025-10-07,073732,COCOA - ICE FUTURES U.S.,120643,18196,12466,19143,(CONTRACTS OF 10 METRIC TONS),FutOnly,cftc_cocoa_selected_history_2009_2026
2025-10-14,073732,COCOA - ICE FUTURES U.S.,120419,16664,16055,18645,(CONTRACTS OF 10 METRIC TONS),FutOnly,cftc_cocoa_selected_history_2009_2026
2025-10-21,073732,COCOA - ICE FUTURES U.S.,122332,16074,16992,18332,(CONTRACTS OF 10 METRIC TONS),FutOnly,cftc_cocoa_selected_history_2009_2026
2025-10-28,073732,COCOA - ICE FUTURES U.S.,121995,18070,16089,16907,(CONTRACTS OF 10 METRIC TONS),FutOnly,cftc_cocoa_selected_history_2009_2026
2025-11-04,073732,COCOA - ICE FUTURES U.S.,122872,18748,14749,17709,(CONTRACTS OF 10 METRIC TONS),FutOnly,cftc_cocoa_selected_history_2009_2026
2025-11-10,073732,COCOA - ICE FUTURES U.S.,119330,18470,16943,16128,(CONTRACTS OF 10 METRIC TONS),FutOnly,cftc_cocoa_selected_history_2009_2026
2025-11-18,073732,COCOA - ICE FUTURES U.S.,115855,17902,26469,15277,(CONTRACTS OF 10 METRIC TONS),FutOnly,cftc_cocoa_selected_history_2009_2026
2025-11-25,073732,COCOA - ICE FUTURES U.S.,119337,18772,29860,18241,(CONTRACTS OF 10 METRIC TONS),FutOnly,cftc_cocoa_selected_history_2009_2026
2025-12-02,073732,COCOA - ICE FUTURES U.S.,119508,17891,30594,17225,(CONTRACTS OF 10 METRIC TONS),FutOnly,cftc_cocoa_selected_history_2009_2026
2025-12-09,073732,COCOA - ICE FUTURES U.S.,123407,21255,29753,17821,(CONTRACTS OF 10 METRIC TONS),FutOnly,cftc_cocoa_selected_history_2009_2026
2025-12-16,073732,COCOA - ICE FUTURES U.S.,119328,21100,25533,16955,(CONTRACTS OF 10 METRIC TONS),FutOnly,cftc_cocoa_selected_history_2009_2026
2025-12-23,073732,COCOA - ICE FUTURES U.S.,123937,24285,27657,17042,(CONTRACTS OF 10 METRIC TONS),FutOnly,cftc_cocoa_selected_history_2009_2026
2025-12-30,073732,COCOA - ICE FUTURES U.S.,124018,25563,27279,17498,(CONTRACTS OF 10 METRIC TONS),FutOnly,cftc_cocoa_selected_history_2009_2026
2026-01-06,073732,COCOA - ICE FUTURES U.S.,127271,27319,27178,17908,(CONTRACTS OF 10 METRIC TONS),FutOnly,cftc_cocoa_selected_history_2009_2026
2026-01-13,073732,COCOA - ICE FUTURES U.S.,138452,20438,27545,25521,(CONTRACTS OF 10 METRIC TONS),FutOnly,cftc_cocoa_selected_history_2009_2026
2026-01-20,073732,COCOA - ICE FUTURES U.S.,145503,19447,30776,26576,(CONTRACTS OF 10 METRIC TONS),FutOnly,cftc_cocoa_selected_history_2009_2026
2026-01-27,073732,COCOA - ICE FUTURES U.S.,149397,20520,30023,26109,(CONTRACTS OF 10 METRIC TONS),FutOnly,cftc_cocoa_selected_history_2009_2026
2026-02-03,073732,COCOA - ICE FUTURES U.S.,160254,22079,32409,27950,(CONTRACTS OF 10 METRIC TONS),FutOnly,cftc_cocoa_selected_history_2009_2026
2026-02-10,073732,COCOA - ICE FUTURES U.S.,162798,21263,32757,24583,(CONTRACTS OF 10 METRIC TONS),FutOnly,cftc_cocoa_selected_history_2009_2026
2026-02-17,073732,COCOA - ICE FUTURES U.S.,154642,21141,33015,26846,(CONTRACTS OF 10 METRIC TONS),FutOnly,cftc_cocoa_selected_history_2009_2026
2026-02-24,073732,COCOA - ICE FUTURES U.S.,173446,27536,34452,30398,(CONTRACTS OF 10 METRIC TONS),FutOnly,cftc_cocoa_selected_history_2009_2026
2026-03-03,073732,COCOA - ICE FUTURES U.S.,191812,31673,35760,35461,(CONTRACTS OF 10 METRIC TONS),FutOnly,cftc_cocoa_selected_history_2009_2026
2026-03-10,073732,COCOA - ICE FUTURES U.S.,192004,30965,38691,33007,(CONTRACTS OF 10 METRIC TONS),FutOnly,cftc_cocoa_selected_history_2009_2026
2026-03-17,073732,COCOA - ICE FUTURES U.S.,189306,29425,36529,32375,(CONTRACTS OF 10 METRIC TONS),FutOnly,cftc_cocoa_selected_history_2009_2026
2026-03-24,073732,COCOA - ICE FUTURES U.S.,194510,29618,38732,33113,(CONTRACTS OF 10 METRIC TONS),FutOnly,cftc_cocoa_selected_history_2009_2026
2026-03-31,073732,COCOA - ICE FUTURES U.S.,203517,30125,40257,36095,(CONTRACTS OF 10 METRIC TONS),FutOnly,cftc_cocoa_selected_history_2009_2026
2026-04-07,073732,COCOA - ICE FUTURES U.S.,204934,29761,42377,33059,(CONTRACTS OF 10 METRIC TONS),FutOnly,cftc_cocoa_selected_history_2009_2026
2026-04-14,073732,COCOA - ICE FUTURES U.S.,196601,29553,43568,28102,(CONTRACTS OF 10 METRIC TONS),FutOnly,cftc_cocoa_selected_history_2009_2026
2026-04-21,073732,COCOA - ICE FUTURES U.S.,194519,30321,43682,25979,(CONTRACTS OF 10 METRIC TONS),FutOnly,cftc_cocoa_selected_history_2009_2026
2026-04-28,073732,COCOA - ICE FUTURES U.S.,197114,29420,46526,27806,(CONTRACTS OF 10 METRIC TONS),FutOnly,cftc_cocoa_selected_history_2009_2026
2026-05-05,073732,COCOA - ICE FUTURES U.S.,200360,31662,43254,27620,(CONTRACTS OF 10 METRIC TONS),FutOnly,cftc_cocoa_selected_history_2009_2026
2026-05-12,073732,COCOA - ICE FUTURES U.S.,194369,26497,36409,24024,(CONTRACTS OF 10 METRIC TONS),FutOnly,cftc_cocoa_selected_history_2009_2026
2026-05-19,073732,COCOA - ICE FUTURES U.S.,193578,22577,35039,26494,(CONTRACTS OF 10 METRIC TONS),FutOnly,cftc_cocoa_selected_history_2009_2026
2026-05-26,073732,COCOA - ICE FUTURES U.S.,202939,22621,36437,29666,(CONTRACTS OF 10 METRIC TONS),FutOnly,cftc_cocoa_selected_history_2009_2026
2026-06-02,073732,COCOA - ICE FUTURES U.S.,205076,22421,39025,27701,(CONTRACTS OF 10 METRIC TONS),FutOnly,cftc_cocoa_selected_history_2009_2026
2026-06-09,073732,COCOA - ICE FUTURES U.S.,203246,20542,43626,26773,(CONTRACTS OF 10 METRIC TONS),FutOnly,cftc_cocoa_selected_history_2009_2026
2026-06-16,073732,COCOA - ICE FUTURES U.S.,193018,22730,43286,25473,(CONTRACTS OF 10 METRIC TONS),FutOnly,cftc_cocoa_selected_history_2009_2026
2026-06-23,073732,COCOA - ICE FUTURES U.S.,182500,21289,39388,20963,(CONTRACTS OF 10 METRIC TONS),FutOnly,cftc_cocoa_selected_history_2009_2026
2026-06-30,073732,COCOA - ICE FUTURES U.S.,186481,21837,32362,22361,(CONTRACTS OF 10 METRIC TONS),FutOnly,cftc_cocoa_selected_history_2009_2026
2026-07-07,073732,COCOA - ICE FUTURES U.S.,197971,23141,29005,26862,(CONTRACTS OF 10 METRIC TONS),FutOnly,cftc_cocoa_selected_history_2009_2026
2026-07-14,073732,COCOA - ICE FUTURES U.S.,203748,19309,26423,31773,(CONTRACTS OF 10 METRIC TONS),FutOnly,cftc_cocoa_selected_history_2009_2026
2026-07-21,073732,COCOA - ICE FUTURES U.S.,201552,20638,27614,32440,(CONTRACTS OF 10 METRIC TONS),FutOnly,cftc_cocoa_selected_history_2009_2026
2026-07-28,073732,COCOA - ICE FUTURES U.S.,201223,20277,29050,33238,(CONTRACTS OF 10 METRIC TONS),FutOnly,cftc_cocoa_selected_history_2009_2026
2026-08-04,073732,COCOA - ICE FUTURES U.S.,203398,22805,27475,31955,(CONTRACTS OF 10 METRIC TONS),FutOnly,cftc_cocoa_selected_history_2009_2026
2026-08-11,073732,COCOA - ICE FUTURES U.S.,190891,22955,29622,27840,(CONTRACTS OF 10 METRIC TONS),FutOnly,cftc_cocoa_selected_history_2009_2026
